source,title,published_at,currencies,full_news_url,description
ChainLink Twitter,"RT @freeCodeCamp: If you're interested in Ethereum development, Solidity is a powerful language for writing smart contracts &amp; distributed a…",2022-12-15T23:23:34Z,"LINK,ETH",https://cryptopanic.com/news/17162814/RT-freeCodeCamp-If-youre-interested-in-Ethereum-development-Solidity-is-a-powerful-language-for-writing-smart-contracts-amp-distributed-a,
The Daily Hodl,Here’s How Binance’s Bitcoin and Stablecoin Reserves Compare to FTX’s Before the Collapse: Quant Analyst,2022-12-15T23:05:11Z,"BTC,ETH,QNT,FTT",https://cryptopanic.com/news/17162793/Heres-How-Binances-Bitcoin-and-Stablecoin-Reserves-Compare-to-FTXs-Before-the-Collapse-Quant-Analyst,"<p>The chief executive of on-chain insights platform CryptoQuant says that despite the current rumors surrounding Binance, the exchange’s stablecoin reserves still look quite different than FTX’s did prior to its collapse. Ki Young Ju is responding to a Reuters story that broke earlier this week reporting that Binance and its CEO Changpeng Zhao are under […]</p>
"
The Daily Hodl,Crypto Analyst Says Bitcoin To Undergo One Final Capitulation Before Bottoming Out – But There’s a Catch,2022-12-15T23:01:56Z,BTC,https://cryptopanic.com/news/17162794/Crypto-Analyst-Says-Bitcoin-To-Undergo-One-Final-Capitulation-Before-Bottoming-Out-But-Theres-a-Catch,"<p>A widely followed crypto analyst says that Bitcoin (BTC) will see one more capitulation event before it finally finds its bear market bottom. Pseudonymous crypto trader Altcoin Sherpa tells his 187,800 Twitter followers that BTC has one more wick down to go before it bottoms out. But here’s the catch – the trader expects 6-12 […]</p>
"
Bitcoinist,Bitcoin Maximalist Michael Saylor Says Ethereum Could Collapse Like LUNA,2022-12-15T23:00:58Z,"BTC,ETH,LUNC",https://cryptopanic.com/news/17162789/Bitcoin-Maximalist-Michael-Saylor-Says-Ethereum-Could-Collapse-Like-LUNA,"<p>Ethereum has come under fire from bitcoin maximalist and former MicroStrategy CEO Michael Saylor who has compared the network to LUNA, which tragically collapsed in May 2022. The effects of the collapse continue to haunt the broader crypto market, playing a role in the collapse of many notable crypto firms. Now, Saylor has pointed fingers […]</p>"
NewsBTC,Whale Accumulation Paints Bullish Picture For XRP,2022-12-15T23:00:00Z,XRP,https://cryptopanic.com/news/17162770/Whale-Accumulation-Paints-Bullish-Picture-For-XRP,"<p>XRP whales have taken advantage of the price decline recorded in the crypto market to fill up their bags. These large investors have been rapidly buying up the tokens and increasing the percentage of supply they hold. In the last month, the holdings of these large whales have seen a significant uptick, sending their cumulative total holdings to one of the highest it has ever been. Gobbling Up...</p></body></html>
"
AMBCrypto,"Bitcoin [BTC]: Slowed selling pressure, yes, but what about buying pressure?",2022-12-15T22:30:44Z,BTC,https://cryptopanic.com/news/17162725/Bitcoin-BTC-Slowed-selling-pressure-yes-but-what-about-buying-pressure,"BTC whales have intensified accumulation in the last few weeks. While selling pressure has reduced, buying momentum has not been enough to drive up prices.  Following the significantly bullish cycle between 2020 and 2021 that caused Bitcoin [BTC] to record an all-time of $60,000, the severe bearishness that has plagued the year so far caused […]"
The Block,Bitcoin mining stock report: Core Scientific continues rally with a 72% gain,2022-12-15T22:04:50Z,BTC,https://cryptopanic.com/news/17162658/Bitcoin-mining-stock-report-Core-Scientific-continues-rally-with-a-72-gain,"<p>CleanSpark and the U.S. and Canadian branches of Bitfarms fell the most, though Core Scientific ended with a 72% increase. </p>"
Feed - Cryptopotato.Com,WisdomTree’s Ethereum and Stellar-Enabled Funds Receives SEC’s Approval,2022-12-15T21:35:43Z,ETH,https://cryptopanic.com/news/17162593/WisdomTrees-Ethereum-and-Stellar-Enabled-Funds-Receives-SECs-Approval,<p>The new products do not invest in cryptocurrencies.</p>
CryptoSlate,CryptoSlate Wrapped Daily: FTX co-CEO blew whistle on exchange; Trump launches NFT collection,2022-12-15T21:30:44Z,BTC,https://cryptopanic.com/news/17162591/CryptoSlate-Wrapped-Daily-FTX-co-CEO-blew-whistle-on-exchange-Trump-launches-NFT-collection,"<p>The biggest news in the cryptoverse for December 15 includes the FTX co-CEO Ryan Salame being revealed as the whistleblower, Donald Trump’s NFT collection, and research on long-term Bitcoin holders still showing bullish sentiment despite losses. </p>
"
Decrypt,Why a Payload of NFTs Was Just Sent to the International Space Station,2022-12-15T21:25:13Z,ETH,https://cryptopanic.com/news/17162564/Why-a-Payload-of-NFTs-Was-Just-Sent-to-the-International-Space-Station,"<p>Dreambound Orbital's first mission today sees a trove of NFTs from Magic Eden, World of Women, and other projects orbit the Earth.</p>"
The Daily Hodl,Popular Crypto Analyst Justin Bennett Breaks Down Bitcoin (BTC) and Ethereum (ETH) After Latest Fed Rate Hike,2022-12-15T20:55:14Z,"BTC,ETH",https://cryptopanic.com/news/17162472/Popular-Crypto-Analyst-Justin-Bennett-Breaks-Down-Bitcoin-BTC-and-Ethereum-ETH-After-Latest-Fed-Rate-Hike,"<p>A widely followed crypto analyst says the Bitcoin (BTC) and Ethereum (ETH) markets are mostly the same after yesterday’s Federal Open Markets Committee (FOMC) meeting. In a new edition of his Cryptocademy newsletter, trader Justin Bennett breaks down BTC, ETH and the US Dollar Index (DXY) moving forward. Says Bennett of BTC, “BTC rallied into today’s […]</p>
"
CoinTelegraph,"Jewel Bank, Polygon to launch Bermuda's first USD-backed stablecoin",2022-12-15T20:45:00Z,MATIC,https://cryptopanic.com/news/17162455/Jewel-Bank-Polygon-to-launch-Bermudas-first-USD-backed-stablecoin,<p>The JUSD stablecoin will allow real-time settlements for institutional investors in the territory.</p>
Blockworks,Native Bitcoin in DeFi — This DEX Wants to Boost Trust,2022-12-15T20:30:55Z,"BTC,TWT,RUNE",https://cryptopanic.com/news/17162436/Native-Bitcoin-in-DeFi-This-DEX-Wants-to-Boost-Trust,<p>ThorChain teams up with Trust Wallet to capture millions of potential new DeFi users</p>
CoinTelegraph,"Bitcoin Santa Claus rally unlikely, according to on-chain and derivatives data",2022-12-15T20:28:40Z,"BTC,FTT",https://cryptopanic.com/news/17162407/Bitcoin-Santa-Claus-rally-unlikely-according-to-on-chain-and-derivatives-data,"<p>Data suggests that BTC’s rally to $18,300 is the only Santa rally that Bitcoin will see before year-end.</p>"
Cryptonews,"Best Crypto to Buy Today 15 December – FGHT, TON, D2T, SOL, RIA",2022-12-15T20:14:00Z,"ETH,SOL",https://cryptopanic.com/news/17162410/Best-Crypto-to-Buy-Today-15-December-FGHT-TON-D2T-SOL-RIA,"<p>This week saw stocks and the crypto market continue their downward trends as news from Fed Chair Jerome Powell quashed any expectations of rate cuts in the upcoming year. Ethereum and Bitcoin's 7% gain earlier in the week reversed while risk assets look to find their footing after the Fed's report....<br>
Read More: Best Crypto to Buy Today 15 December – FGHT, TON, D2T, SOL, RIA</p>"
U.Today,Polygon (MATIC) Staking Now Supported by Coinbase Prime,2022-12-15T20:12:21Z,MATIC,https://cryptopanic.com/news/17162396/Polygon-MATIC-Staking-Now-Supported-by-Coinbase-Prime,<p>Coinbase’s prime brokerage platform now supports Polygon (MATIC) stalking</p>
Live Bitcoin News,"LBank Exchange Will List Tokamak Network (TOKAMAK) on December 16, 2022",2022-12-15T19:33:42Z,"BTC,ETH",https://cryptopanic.com/news/17162284/LBank-Exchange-Will-List-Tokamak-Network-TOKAMAK-on-December-16-2022,"<p>INTERNET CITY, DUBAI, Dec 15, 2022 – LBank Exchange, a global digital asset trading platform, will list Tokamak Network (TOKAMAK) on December 16, 2022. For all users of LBank Exchange, the TOKAMAK/USDT trading pair will be officially available for trading at 13:00 UTC on December 16, 2022. As an on-demand Ethereum layer 2 platform, Tokamak...</p>
"
Bitcoinist,"Binance’s Proof-Of-Reserves Report “Makes Sense” With On-Chain Data, Says CryptoQuant",2022-12-15T19:30:41Z,BTC,https://cryptopanic.com/news/17162269/Binances-Proof-Of-Reserves-Report-Makes-Sense-With-On-Chain-Data-Says-CryptoQuant,"<p>CryptoQuant says Binance&#8217;s recently released Proof-of-Reserves report &#8220;makes sense&#8221; when compared with on-chain data. Binance&#8217;s Bitcoin Liabilities In Proof-Of-Reserves Report Are Consistent With On-Chain Data The Proof-of-Reserves (PoR) here refers to the public proof that an exchange has backed its customers&#8217; entire deposits with proper collateralization. Since the collapse of FTX, distrust...</p></body></html>
"
AMBCrypto,"NEAR Protocol, its metrics, and all that you can expect from it in 2023",2022-12-15T19:30:26Z,NEAR,https://cryptopanic.com/news/17162268/NEAR-Protocol-its-metrics-and-all-that-you-can-expect-from-it-in-2023,NEAR maintained healthy levels of social dominance in the last 12 months. Its volume has tanked significantly in the last year. NEAR protocol may not be the most popular crypto project but it is certainly up there in the list of promising crypto networks. A look at its past achievements and developments is perhaps the […]
U.Today,Bitcoin (BTC) Price Analysis for December 15,2022-12-15T19:30:00Z,BTC,https://cryptopanic.com/news/17162286/Bitcoin-BTC-Price-Analysis-for-December-15,<p>Are bulls out of energy for further rise?</p>
Live Bitcoin News,"LBank Exchange Will List HUMAN Token (HMT) on December 15, 2022",2022-12-15T19:28:39Z,BTC,https://cryptopanic.com/news/17162243/LBank-Exchange-Will-List-HUMAN-Token-HMT-on-December-15-2022,"<p>INTERNET CITY, DUBAI, Dec 12, 2022 – LBank Exchange, a global digital asset trading platform, will list HUMAN Token (HMT) on December 15, 2022. For all users of LBank Exchange, the HMT/USDT trading pair will be officially available for trading at 13:00 UTC on December 15, 2022. Opening a new era of potential for human...</p>
"
Co-founder of Ethereum,"RT @Zac_Aztec: Today we've announced Aztec's $100M Series B fundraise, lead by a16z. We raised this money so that we can execute on the Azt…",2022-12-15T19:27:13Z,ETH,https://cryptopanic.com/news/17162235/RT-Zac_Aztec-Today-weve-announced-Aztecs-100M-Series-B-fundraise-lead-by-a16z-We-raised-this-money-so-that-we-can-execute-on-the-Azt,
Live Bitcoin News,Celebrity Coin v2 (CCV2) Is Now Available for Trading on LBank Exchange,2022-12-15T19:23:33Z,BTC,https://cryptopanic.com/news/17162242/Celebrity-Coin-v2-CCV2-Is-Now-Available-for-Trading-on-LBank-Exchange,"<p>INTERNET CITY, DUBAI, Dec 12, 2022 – LBank Exchange, a global digital asset trading platform, has listed Celebrity Coin v2 (CCV2) on December 12, 2022. For all users of LBank Exchange, the CCV2/USDT trading pair is now officially available for trading. As a project from and backed by celebrities, Celebrity Coin is here to revolutionise...</p>
"
Live Bitcoin News,"LBank Weekly Listing Report, 12th December 2022",2022-12-15T19:19:48Z,BTC,https://cryptopanic.com/news/17162228/LBank-Weekly-Listing-Report-12th-December-2022,"<p>INTERNET CITY, DUBAI, Dec. 12th, 2022 –As a world class digital asset exchange, LBank continues to focus on providing its users quality projects to participate in. Here is a weekly report made by LBank Exchange presenting this week’s exciting new listings and a summary of the ones listed last week, offering users more information to...</p>
"
Live Bitcoin News,"LBank Exchange Will List NIMB on December 14, 2022",2022-12-15T19:11:44Z,BTC,https://cryptopanic.com/news/17162229/LBank-Exchange-Will-List-NIMB-on-December-14-2022,"<p>INTERNET CITY, DUBAI, Dec 12, 2022 – LBank Exchange, a global digital asset trading platform, will list NIMB on December 14, 2022. For all users of LBank Exchange, the NIMB/USDT trading pair will be officially available for trading at 8:00 UTC on December 14, 2022. Introducing Nimbus Nimbus’ mission is to expand access to financial...</p>
"
The Daily Hodl,"Trader Who Sold Bitcoin at the Top Returns to Crypto Markets, Accumulating BTC, Ethereum, XRP and One Additional Altcoin",2022-12-15T19:05:59Z,"BTC,ETH,XRP,LTC",https://cryptopanic.com/news/17162200/Trader-Who-Sold-Bitcoin-at-the-Top-Returns-to-Crypto-Markets-Accumulating-BTC-Ethereum-XRP-and-One-Additional-Altcoin,"<p>A savvy trader who sold Bitcoin (BTC) at its peak has returned to the crypto markets, accumulating BTC, Ethereum (ETH), and other altcoins. In a new strategy session, pseudonymous crypto analyst DonAlt tells his 45,100 YouTube subscribers that he’s now looking to see whether BTC can hold onto an important support level. The trader says […]</p>
"
ZyCrypto,Bitcoin and Ethereum Take A Nosedive As Fed Signal More Interest Rates Hike,2022-12-15T18:51:04Z,"BTC,ETH",https://cryptopanic.com/news/17162166/Bitcoin-and-Ethereum-Take-A-Nosedive-As-Fed-Signal-More-Interest-Rates-Hike,"<p>Market leader Bitcoin (BTC) traded above $18,000 for the first time since the FTX crash, to the delight of users but the joy was short-lived in...</p></body></html>
"
U.Today,"Bitcoin Price Could Drop to $10,000 in 2023, Investor Mark Mobius Says",2022-12-15T18:49:42Z,BTC,https://cryptopanic.com/news/17162151/Bitcoin-Price-Could-Drop-to-10000-in-2023-Investor-Mark-Mobius-Says,<p>Prominent investor Mark Mobius has doubled down on his bearish Bitcoin price prediction</p>
CryptoSlate,Research: Bitcoin long-term holders remain bullish despite losses,2022-12-15T18:32:06Z,BTC,https://cryptopanic.com/news/17162124/Research-Bitcoin-long-term-holders-remain-bullish-despite-losses,"<p>Bitcoin’s (BTC) year-long decline has left several holders with unrealized losses, including long-term holders (LTH) who have held the coin for at least six months. </p>
"
Bitcoin.com,"Another Mysterious Person Signs a 2009 BTC Address, Message Shared by Martin Shkreli Mentions Convicted Felon Paul Le Roux",2022-12-15T18:30:45Z,BTC,https://cryptopanic.com/news/17162122/Another-Mysterious-Person-Signs-a-2009-BTC-Address-Message-Shared-by-Martin-Shkreli-Mentions-Convicted-Felon-Paul-Le-Roux,"Just recently, the crypto community discovered a bitcointalk.org forum user who signed a message from bitcoin block 1,018, and the signer associated the signature with an address first seen in 2022. Moreover, further investigation and evidence have tied block 1,018 to the now-deceased computer scientist Hal Finney’s bitcoin transactions. Two days ago, another signature and […]"
AMBCrypto,"Fantom outperformed Bitcoin during 14 December’s trading session, here’s how",2022-12-15T18:30:34Z,"BTC,FTM",https://cryptopanic.com/news/17162118/Fantom-outperformed-Bitcoin-during-14-Decembers-trading-session-heres-how,"FTM ranked as the number one altcoin on LunarCrush’s AltRank. Bullish momentum is slowing, showing that buyers might be exhausted. Fantom [FTM] clinched the number one spot on the ranking of altcoins that outperformed Bitcoin [BTC] on 14 December, data from LunarCrush showed. The cryptocurrency social analytics platform has an AltRank feature through which it […]"
NewsBTC,What Is COCOS? And How It Ended Up Replacing XRP In The Crypto Top 10?,2022-12-15T18:26:54Z,"ETH,XRP,MATIC,SHIB,SOL,AVAX,ICP,XCN",https://cryptopanic.com/news/17162103/What-Is-COCOS-And-How-It-Ended-Up-Replacing-XRP-In-The-Crypto-Top-10,"<p>An unknown cryptocurrency called Cocos-BCX (COCOS) surprised market participants by sneaking into the crypto top 10 by market cap. Out of the bloom, the token records over $25 billion in market capitalization, according to data from CoinMarketCap.&#160; Related Reading: AVAX Eyes The Next Resistance, Is It Time To Go Long? The platform experienced a bug that allowed COCOS to rise in the industry&#8217;s...</p></body></html>
"
BeInCrypto,Bitcoin Halving Is 65% Completed. Is This Signal of BTC Cycle Bottom?,2022-12-15T18:15:00Z,BTC,https://cryptopanic.com/news/17162084/Bitcoin-Halving-Is-65-Completed-Is-This-Signal-of-BTC-Cycle-Bottom,"<p>Recently, the day passed when the time period leading up to Bitcoin halving was 65% complete. It turns out that in previous cycles, when this threshold was crossed, the BTC price was already past its historical bear market lows.</p>
"
The Block,Bitcoin fails to claw back Fed-related losses as Silvergate bucks downtrend,2022-12-15T18:06:33Z,BTC,https://cryptopanic.com/news/17162058/Bitcoin-fails-to-claw-back-Fed-related-losses-as-Silvergate-bucks-downtrend,<p>Crypto prices remain depressed following the Fed's 50 basis point interest rate hike on Wednesday.</p>
Live Bitcoin News,The Hottest Trend in Games: Web3 and the Blockchain,2022-12-15T18:04:11Z,BTC,https://cryptopanic.com/news/17162056/The-Hottest-Trend-in-Games-Web3-and-the-Blockchain,"<p>Blockchain gaming had a sensational breakout year in 2021. With the advent of NFT technology, developers suddenly realised they had a way to make in-game virtual items a lot more, well, real. Gamers have for decades assiduously built up collections in single player and online games for the sheer satisfaction of it. Indeed, skins and...</p>
"
Live Bitcoin News,BTCMSaylor Announces its Fairlaunch on Pinksale,2022-12-15T17:57:04Z,BTC,https://cryptopanic.com/news/17162028/BTCMSaylor-Announces-its-Fairlaunch-on-Pinksale,"<p>BTCMSaylor, a new Bitcoin platform utilizing modern technology and advanced features created in support of the love of Micheal Saylor for Bitcoin, announces its fair launch presale. For the Pinksale presale with a $10,000 soft cap, BTCMSaylor has got all 4 badges of safety: SAFU, AUDIT, KYC, DOXX. The presale will take place on Pinksale,...</p>
"
CryptoBriefing,Trump Launches his Own NFT Collection,2022-12-15T17:57:00Z,MATIC,https://cryptopanic.com/news/17162162/Trump-Launches-his-Own-NFT-Collection,"<p>Donald Trump is launching his own NFT digital card collection on Polygon. Each card is available for purchase for $99 on the official website. Donald Trump has released his own NFT collection, and its everything you could possibly expect.The former President of the United States announced today on Truth Social the launch of his official digital trading card collection. The collection counts...</p></body></html>
"
The Daily Hodl,"Ethereum (ETH), Gold and Stocks All Positioned for Rallies, Says Macro Guru Raoul Pal",2022-12-15T17:55:18Z,"BTC,ETH",https://cryptopanic.com/news/17162033/Ethereum-ETH-Gold-and-Stocks-All-Positioned-for-Rallies-Says-Macro-Guru-Raoul-Pal,"<p>Former Goldman Sachs executive Raoul Pal says gold, stocks and Ethereum (ETH) are all showing patterns signaling big rallies are coming. The macro guru tells his 991,200 Twitter followers that the precious metal is forming an inverse head and shoulders (H&amp;S) chart, indicating an imminent upward swing. “Lots of interesting market structures here, not only […]</p>
"
Feed - Cryptopotato.Com,Microsoft Quietly Bans Crypto Mining From Cloud Services,2022-12-15T17:54:27Z,BTC,https://cryptopanic.com/news/17162026/Microsoft-Quietly-Bans-Crypto-Mining-From-Cloud-Services,<p>Microsoft said crypto mining disrupts and impairs its online services.</p>
NewsBTC,This Indicator Says MATIC Price Correction Is Not Done,2022-12-15T17:30:34Z,"BTC,ETH,MATIC,TRX,FLOW",https://cryptopanic.com/news/17162029/This-Indicator-Says-MATIC-Price-Correction-Is-Not-Done,"<p>MATIC price is currently undergoing a correction. Over the last 24 hours, the coin has lost more than 4% of its market value. Signs on the chart currently suggest that MATIC is going to remain in the correction territory for some time. All the gains that Polygon (MATIC) secured in the past week were undone due to the loss on the daily chart. Technical outlook also implied that the price...</p></body></html>
"
AMBCrypto,Here is what Bitcoin [BTC] holders can expect after the FOMC reports,2022-12-15T17:30:10Z,BTC,https://cryptopanic.com/news/17161962/Here-is-what-Bitcoin-BTC-holders-can-expect-after-the-FOMC-reports,"Bitcoin’s price reacted negatively as the FOMC report indicated a rise in interest rates. Bitcoin tested the $18,000 region before falling back, but there are indications of a potential increase. Bitcoin (BTC) and the cryptocurrency market could not have asked for a better outcome from the Federal Open Market Committee (FOMC) meeting that ended on […]"
Bitcoin Magazine,Hong Kong Stock Exchange’s First Bitcoin Futures ETF Receives $53 Million Initial Investment,2022-12-15T17:24:33Z,BTC,https://cryptopanic.com/news/17161920/Hong-Kong-Stock-Exchanges-First-Bitcoin-Futures-ETF-Receives-53-Million-Initial-Investment,"<p>The futures ETF will be the first of its kind available in Asia according to the asset manager, CSOP.</p>"
CryptoGlobe,Maincard Expands Web3 Sports Prediction Market To Myria And Launches NHL Sportsbook,2022-12-15T17:22:00Z,"ETH,MATIC",https://cryptopanic.com/news/17161922/Maincard-Expands-Web3-Sports-Prediction-Market-To-Myria-And-Launches-NHL-Sportsbook,"<p>Los Angeles, California, 15th December, 2022, Chainwire Web3 Sports prediction app Maincard and Myria are joining forces to expand the appeal of NFTs. Maincard will benefit from Myria’s scalability focus as a trusted Ethereum L2 solution through the partnership.  Maincard recently announced its main net launch on the Polygon network. The Web3 sports prediction game went live the day […]</p>"
The Block,Magic Eden bolsters gaming support by adding Polygon NFT minting and trading,2022-12-15T17:03:13Z,MATIC,https://cryptopanic.com/news/17161881/Magic-Eden-bolsters-gaming-support-by-adding-Polygon-NFT-minting-and-trading,"<p>Magic Eden, Solana's biggest NFT platform, now supports Polygon NFT minting and trading. </p>"
Bitcoinist,PayPal Partners With Metamask To Allow Users Purchase Ethereum,2022-12-15T17:00:57Z,ETH,https://cryptopanic.com/news/17161872/PayPal-Partners-With-Metamask-To-Allow-Users-Purchase-Ethereum,"<p>Ethereum (ETH) is now coming to PayPal users thanks to a new partnership. PayPal has been dipping its toes steadily into the crypto waters and already offers crypto buying, selling, and holding to its customers. With another development, the company is now making it possible for users to purchase ETH directly, as well as transact […]</p>"
NewsBTC,"Fed Interest Rate Hike Triggers Pullback, Is Bitcoin Headed For A Weak Finish?",2022-12-15T17:00:55Z,BTC,https://cryptopanic.com/news/17161928/Fed-Interest-Rate-Hike-Triggers-Pullback-Is-Bitcoin-Headed-For-A-Weak-Finish,"<p>Bitcoin had been riding the euphoric high from the CPI data released on Tuesday which showed that inflation was finally slowing down in the United States. The digital asset had been able to clear $18,000 for the first time since the FTX collapse as a result of this. However, the FOMC announcement that would follow on Wednesday would shock the market back into its shell, sending bitcoin&#8217;s price...</p></body></html>
"
Live Bitcoin News,Fidelity Offers Commission-Free Crypto Trades with a Catch,2022-12-15T17:00:43Z,"BTC,ETH",https://cryptopanic.com/news/17161880/Fidelity-Offers-Commission-Free-Crypto-Trades-with-a-Catch,"<p>Fidelity Investments is getting ready to offer both bitcoin and Ethereum trading to retail investors. The good news is that all trades will be commission free, though anybody seeking to engage in digital currency trading is likely to still pay a one percent fee on all the money they exchange. Fidelity Isn’t Being Entirely Forthcoming About Its...</p>
"
CoinTelegraph,How hard has this bear market been for Bitcoin mining? Watch Market Talks on Cointelegraph,2022-12-15T17:00:00Z,BTC,https://cryptopanic.com/news/17161873/How-hard-has-this-bear-market-been-for-Bitcoin-mining-Watch-Market-Talks-on-Cointelegraph,"<p>Join us as we discuss the current state of the current bear market and Bitcoin mining. Hosting the show will be Cointelegraph's head of markets Ray Salmond, with special guest Drew Vosk.</p>"
Bitcoin Magazine,"Governments Could Still Hamper Money And Energy, Even On A Bitcoin Standard",2022-12-15T16:56:26Z,BTC,https://cryptopanic.com/news/17161824/Governments-Could-Still-Hamper-Money-And-Energy-Even-On-A-Bitcoin-Standard,"<p>Even after Bitcoin inevitably becomes the world reserve currency and bitcoin mining solves our energy problems, governments will intervene.</p>"
NewsBTC,"AVAX Eyes The Next Resistance, Is It Time To Go Long?",2022-12-15T16:53:22Z,"BTC,ETH,AVAX,ALGO",https://cryptopanic.com/news/17161834/AVAX-Eyes-The-Next-Resistance-Is-It-Time-To-Go-Long,"<p>The Avalanche (AVAX) price has been undetermined for quite a number of weeks now. The altcoin is now logging gains on the daily chart as it rose over 3% in that time frame. The coin shows signs of optimism ever since it moved up from the $12.90 support mark. The technical outlook for AVAX displayed signs of demand and buy signals for traders. If demand continues to rise and buying sentiment...</p></body></html>
"
The Block,"First Hong Kong bitcoin, ether ETFs lure nearly $75 million with trading set to begin Friday",2022-12-15T16:46:00Z,BTC,https://cryptopanic.com/news/17161808/First-Hong-Kong-bitcoin-ether-ETFs-lure-nearly-75-million-with-trading-set-to-begin-Friday,<p>CSOP has received more than $74 million in investment for the first bitcoin and ether ETFs in Asia.</p>
Bitcoin.com,"Biggest Movers: DOGE, LTC Near 3-Week Lows on Thursday",2022-12-15T16:32:54Z,"DOGE,LTC",https://cryptopanic.com/news/17161772/Biggest-Movers-DOGE-LTC-Near-3-Week-Lows-on-Thursday,"Dogecoin was trading close to a three-week low on Thursday, following the release of retail sales figures in the United States. Customer spending fell by more than expected in November, dropping by 0.6% last month. Litecoin slipped for a second successive session, falling to its lowest point since late November. Dogecoin (DOGE) Dogecoin (DOGE) remained […]"
AMBCrypto,What Ethereum [ETH] holders should expect in 2023 and beyond?,2022-12-15T16:30:30Z,ETH,https://cryptopanic.com/news/17161768/What-Ethereum-ETH-holders-should-expect-in-2023-and-beyond,"Ethereum would be introducing Protco Danksharding in the coming months. The amount of revenue generated by ETH validators decreased by 26% in the past month. The broader market has undoubtedly been reeling under the selling pressure. But, according to the roadmap presented by the Ethereum Foundation, the near future looks very interesting for the ETH […]"
Feed - Cryptopotato.Com,Ethereum Rejected at $1.3K but is a Drop to $1K Back in Play? (ETH Price Analysis),2022-12-15T16:24:48Z,ETH,https://cryptopanic.com/news/17161736/Ethereum-Rejected-at-13K-but-is-a-Drop-to-1K-Back-in-Play-ETH-Price-Analysis,"<p>Following yesterday’s Fed interest rate announcement, Ethereum’s price has seemingly taken a U-turn, getting rejected from a significant resistance zone. Another bearish phase could soon begin unless the market rebounds over the next few days. Technical Analysis By: Edris The Daily Chart On the daily chart, the price has failed to break above the $1300 […]</p>"
Finbold,New data shows strong signals of a ‘hopeful future’ for Bitcoin,2022-12-15T16:20:27Z,BTC,https://cryptopanic.com/news/17161716/New-data-shows-strong-signals-of-a-hopeful-future-for-Bitcoin,"<p>Although 2022 has been a challenging year for the cryptocurrency market, Bitcoin (BTC) is recording positive results in terms of … Continued</p>
"
Coinspeaker,Orbs Launches TON Verifier to Authenticate Ecosystem’s Smart Contracts Code,2022-12-15T16:00:55Z,TON,https://cryptopanic.com/news/17161667/Orbs-Launches-TON-Verifier-to-Authenticate-Ecosystems-Smart-Contracts-Code,"<p>Coinspeaker<br>
Orbs Launches TON Verifier to Authenticate Ecosystem’s Smart Contracts Code</p>
<p>The Orbs has gained traction as a public and decentralized blockchain infrastructure operated via permissionless validators and the Proof-of-Stake (PoS) consensus mechanism. </p>
<p>Orbs Launches TON Verifier to Authenticate Ecosystem’s Smart Contracts Code</p>"
Cryptonews,"Today in Crypto: Decred Launches Social Media & Messaging Platform, Opera Announces a Suite of Security Features, T-Systems MMS Participates in Chainlink Staking",2022-12-15T16:00:00Z,"BTC,ETH,BNB,LINK",https://cryptopanic.com/news/17161669/Today-in-Crypto-Decred-Launches-Social-Media-Messaging-Platform-Opera-Announces-a-Suite-of-Security-Features-T-Systems-MMS-Participates-in-Chainlink-Staking,"<p>Get your daily, bite-sized digest of cryptoasset and blockchain-related news – investigating the stories flying under the radar of today’s crypto news.__________...<br>
Read More: Today in Crypto: Decred Launches Social Media &amp; Messaging Platform, Opera Announces a Suite of Security Features, T-Systems MMS Participates in Chainlink Staking</p>"
BeInCrypto,Binance Delists MITH as Project Demands 200K BNB Deposit Back,2022-12-15T16:00:00Z,BNB,https://cryptopanic.com/news/17161660/Binance-Delists-MITH-as-Project-Demands-200K-BNB-Deposit-Back,"<p>Binance has announced a delisting of four projects from its exchange as part of a regular review. Mithril has asked for their deposit back.</p>
"
Cryptonews,"Bitcoin Price Prediction as BTC Spikes Above $18,000 For The First Time in 30 Days and Falls Back Down – Time to Buy the Dip?",2022-12-15T15:31:00Z,BTC,https://cryptopanic.com/news/17161576/Bitcoin-Price-Prediction-as-BTC-Spikes-Above-18000-For-The-First-Time-in-30-Days-and-Falls-Back-Down-Time-to-Buy-the-Dip,"<p>In our Asian session Bitcoin price prediction, we predicted that the price of Bitcoin would fall to $17,440, which is a 61.8% Fibonacci retracement, before rebounding. ...<br>
Read More: Bitcoin Price Prediction as BTC Spikes Above $18,000 For The First Time in 30 Days and Falls Back Down – Time to Buy the Dip?</p>"
AMBCrypto,Short-term Litecoin investors could profit if Bitcoin moves in this direction,2022-12-15T15:30:19Z,"BTC,LTC",https://cryptopanic.com/news/17161570/Short-term-Litecoin-investors-could-profit-if-Bitcoin-moves-in-this-direction,"LTC was in a slight uptrend. A bullish BTC would pump it toward $77.12. Litecoin (LTC) briefly fell below $75 after BTC dropped below $17.77K on 15 December. At press time, LTC was trading at $74.95 and appeared poised for an upside move if BTC moves above $17.77K.   The 4-hour chart showed that LTC may […]"
The Daily Hodl,"CFTC Says Bitcoin, Ethereum and Tether Are Commodities in Fraud Complaint Against FTX Founder Sam Bankman-Fried",2022-12-15T15:30:15Z,"BTC,ETH,USDT,FTT",https://cryptopanic.com/news/17161554/CFTC-Says-Bitcoin-Ethereum-and-Tether-Are-Commodities-in-Fraud-Complaint-Against-FTX-Founder-Sam-Bankman-Fried,"<p>The U.S. Commodity Futures Trading Commission (CFTC) is listing three crypto assets that it considers to be commodities. In a fraud complaint filed in the United States District Court for the Southern District of New York against Sam Bankman-Fried, FTX and Alameda Research, the CFTC says that digital assets such as Bitcoin (BTC), Ethereum (ETH) […]</p>
"
BeInCrypto,Why Polygon (MATIC) Price Isn’t Safe From a Sell-Off,2022-12-15T15:30:00Z,MATIC,https://cryptopanic.com/news/17161573/Why-Polygon-MATIC-Price-Isnt-Safe-From-a-Sell-Off,"<p>Polygon (MATIC) price could break down from an ascending support line and drop toward $0.75.</p>
"
Trustnodes,Sell the News Dips Bitcoin and Stocks,2022-12-15T15:19:45Z,BTC,https://cryptopanic.com/news/17161526/Sell-the-News-Dips-Bitcoin-and-Stocks,"Powell out, Christmas red is in for bitcoin and stocks as the festive season turns focus to the new year."
U.Today,"Tether Is Being Hunted, Mike Alfred Claims",2022-12-15T15:12:00Z,USDT,https://cryptopanic.com/news/17161527/Tether-Is-Being-Hunted-Mike-Alfred-Claims,<p>Alfred's comment comes after bombshell report about coordinated effort by exchanges to allegedly save Tether (USDT)</p>
Bitcoin Magazine,The Stage Is Now Set: Bitcoin Will Replace Fiat,2022-12-15T15:11:00Z,BTC,https://cryptopanic.com/news/17161492/The-Stage-Is-Now-Set-Bitcoin-Will-Replace-Fiat,"<p>Bitcoin represents an unprecedented paradigm shift, and while the world may not be ready to replace fiat, that change is inevitable.</p>"
NewsBTC,"Binance Coin Facing Massive Sell Pressure? Mithril Team Wants 200,000 BNB Back",2022-12-15T15:00:55Z,"BTC,ETH,BNB,XCN,BNB",https://cryptopanic.com/news/17161551/Binance-Coin-Facing-Massive-Sell-Pressure-Mithril-Team-Wants-200000-BNB-Back,"<p>In an announcement today, Binance declared that based on recent reviews, it has decided to delist the Mithril (MITH), Tribe (TRIBE), Augur (REP) and Bitcoin Standard Hashrate Token (BTCST) tokens on December 22, 09:00 (UTC) and cease trading on all trading pairs. As stated in a blog post about the matter, Binance periodically reviews the standards for a listing on the exchange. If a token no...</p></body></html>
"
Live Bitcoin News,Seniors Are Falling Victim to Crypto Scams,2022-12-15T15:00:22Z,BTC,https://cryptopanic.com/news/17161448/Seniors-Are-Falling-Victim-to-Crypto-Scams,"<p>It appears many digital currency fraudsters and malicious actors are targeting senior citizens, and many organizations out there are trying hard to show seniors how they can prevent themselves from falling victim to such traps. Seniors Don’t Always Get Crypto It’s believed many seniors out there are not tech or computer savvy; that they aren’t familiar with...</p>
"
U.Today,DOGE and SHIB Price Analysis for December 15,2022-12-15T14:59:00Z,"DOGE,SHIB",https://cryptopanic.com/news/17161452/DOGE-and-SHIB-Price-Analysis-for-December-15,<p>Can DOGE or SHIB withstand fall of other coins?</p>
Decrypt,New Coinbase Tool to Let Users Reclaim Stranded Ethereum Tokens,2022-12-15T14:58:43Z,ETH,https://cryptopanic.com/news/17161443/New-Coinbase-Tool-to-Let-Users-Reclaim-Stranded-Ethereum-Tokens,<p>Untold numbers of ERC-20 tokens have been lost due to Coinbase incompatibility with the exchange—a new feature will finally retrieve them.</p>
Feed - Cryptopotato.Com,Bitcoin and Ether Futures ETFs to Debut on Hong Kong Exchange Tomorrow,2022-12-15T14:22:04Z,"BTC,ETH",https://cryptopanic.com/news/17161331/Bitcoin-and-Ether-Futures-ETFs-to-Debut-on-Hong-Kong-Exchange-Tomorrow,<p>CSOP Bitcoin Futures ETF and CSOP Ether Futures ETF will supposedly become the first such products listed in Asia.</p>
CryptoSlate,Ethereum addresses with over 32 ETH hit ATH while participation rate drops,2022-12-15T14:15:41Z,ETH,https://cryptopanic.com/news/17161301/Ethereum-addresses-with-over-32-ETH-hit-ATH-while-participation-rate-drops,"<p>Glassnode data examined by CryptoSlate analysts revealed that the number of Ethereum (ETH) wallets that hold over 32 ETH hit an all-time high (ATH), even though the participation rate is lagging. </p>
"
Bitcoin.com,"Bitcoin, Ethereum Technical Analysis: BTC Falls From 5-Week High as Traders Continue to Digest Fed Decision",2022-12-15T14:15:00Z,"BTC,ETH",https://cryptopanic.com/news/17161293/Bitcoin-Ethereum-Technical-Analysis-BTC-Falls-From-5-Week-High-as-Traders-Continue-to-Digest-Fed-Decision,"Bitcoin fell from a five-week high on Thursday, as markets continued to react to the latest Federal Reserve interest rate decision. The U.S. Fed moved to increase interest rates by 50 basis points as expected, whilst also laying the ground for a slower pace of hikes in coming months. Ethereum also retreated from recent highs, […]"
CoinTelegraph,BTC price levels to watch as Bitcoin dives below $17.5K post-FOMC,2022-12-15T14:13:55Z,BTC,https://cryptopanic.com/news/17161299/BTC-price-levels-to-watch-as-Bitcoin-dives-below-175K-post-FOMC,<p>Bitcoin is rapidly taking out near-term support levels as an FOMC comedown sees BTC price grab liquidity.</p>
UNUS SED LEO Twitter,"Sharks and whales of $ETH are increasing!
Ether supply grew by 561K in just two days last week 

Are you buying ET…",2022-12-15T14:00:32Z,"LEO,ETH",https://cryptopanic.com/news/17161171/Sharks-and-whales-of-ETH-are-increasing-Ether-supply-grew-by-561K-in-just-two-days-last-week-Are-you-buying-ET,
The Block,Coinbase now helps recover unsupported ERC-20 tokens sent by mistake,2022-12-15T14:00:21Z,ETH,https://cryptopanic.com/news/17161262/Coinbase-now-helps-recover-unsupported-ERC-20-tokens-sent-by-mistake,"<p>Crypto exchange operator Coinbase has launched a new asset recovery tool for roughly 4,000 unsupported ERC-20 tokens.</p>"
Coinspeaker,QuickSwap and Versa Games Launch Gaming Hub on Polygon,2022-12-15T13:58:23Z,MATIC,https://cryptopanic.com/news/17161180/QuickSwap-and-Versa-Games-Launch-Gaming-Hub-on-Polygon,"<p>Coinspeaker<br>
QuickSwap and Versa Games Launch Gaming Hub on Polygon</p>
<p>While its model involves incentivizing players and users of the Gaming Hub, the platform places a unique premium on balancing the fun all its stakeholders will gain while interacting with the Hub.</p>
<p>QuickSwap and Versa Games Launch Gaming Hub on Polygon</p>"
The Block,Mithril demands $53 million BNB refund from Binance following delisting,2022-12-15T13:45:33Z,BNB,https://cryptopanic.com/news/17161160/Mithril-demands-53-million-BNB-refund-from-Binance-following-delisting,"<p>Mithril wants Binance to refund the 200,000 BNB deposit collected from the project after the crypto exchange delisted its token.</p>"
Cryptonews,Ethereum Price Prediction as ETH Sees $8.3 Billion Trading Volume Come In – Here’s Where It’s Heading Next,2022-12-15T13:44:00Z,ETH,https://cryptopanic.com/news/17161156/Ethereum-Price-Prediction-as-ETH-Sees-83-Billion-Trading-Volume-Come-In-Heres-Where-Its-Heading-Next,"<p>ETH trading volumes remain elevated, with $8.3 billion worth of tokens changing hands in the last 24 hours as the cryptocurrency continues to pull back from Wednesday&#8217;s pre-hawkish Fed meeting highs in the $1,350 area.&#160; <br>
At current levels in the $1,280s, ETH/USD has now pulled around 5.0% back from these highs and, according to CoinMarketCap, is around 3.2% lower in the last 24 hours....</p></body></html>
"
CoinTelegraph,Hong Kong crypto futures ETFs raise over $70M ahead of debut,2022-12-15T13:35:00Z,BTC,https://cryptopanic.com/news/17161101/Hong-Kong-crypto-futures-ETFs-raise-over-70M-ahead-of-debut,"<p>The CSOP Bitcoin Futures ETF has raked in $53.8 million, while the CSOP Ether Futures ETF has collected $19.7 million in initial investments.</p>"
Coinspeaker,WisdomTree Secures SEC Approval for 9 More Blockchain-Enabled Funds,2022-12-15T13:31:37Z,BTC,https://cryptopanic.com/news/17161102/WisdomTree-Secures-SEC-Approval-for-9-More-Blockchain-Enabled-Funds,"<p>Coinspeaker<br>
WisdomTree Secures SEC Approval for 9 More Blockchain-Enabled Funds</p>
<p>The SEC recently approved a slew of blockchain-focused funds for WisdomTree but continues to deny spot Bitcoin ETFs. </p>
<p>WisdomTree Secures SEC Approval for 9 More Blockchain-Enabled Funds</p>"
Live Bitcoin News,"LBank Exchange Will List IMPT on December 14, 2022",2022-12-15T13:14:51Z,BTC,https://cryptopanic.com/news/17161037/LBank-Exchange-Will-List-IMPT-on-December-14-2022,"<p>INTERNET CITY, DUBAI, Dec 12, 2022 – LBank Exchange, a global digital asset trading platform, will list IMPT on December 14, 2022. For all users of LBank Exchange, the IMPT/USDT trading pair will be officially available for trading at 10:00 UTC on December 14, 2022. As a carbon offset program based on blockchain, IMPT.io enables...</p>
"
Decrypt,BitGo ‘Held Up’ Alameda's $50M Wrapped Bitcoin Withdrawal Requests,2022-12-15T13:11:56Z,"BTC,WBTC",https://cryptopanic.com/news/17161031/BitGo-Held-Up-Alamedas-50M-Wrapped-Bitcoin-Withdrawal-Requests,<p>The BitGo CEO said the withdrawal requests came as Sam Bankman-Fried petitioned investors for capital before announcing FTX's bankruptcy.</p>
U.Today,XRP Price Shows Encouraging Action Despite Fed Sell-Off,2022-12-15T13:07:00Z,XRP,https://cryptopanic.com/news/17161000/XRP-Price-Shows-Encouraging-Action-Despite-Fed-Sell-Off,<p>XRP price action gives confidence after major sale on macro reports occurred</p>
Protos.com,What does the Fed’s latest interest rate hike mean for bitcoin?,2022-12-15T13:01:41Z,BTC,https://cryptopanic.com/news/17160998/What-does-the-Feds-latest-interest-rate-hike-mean-for-bitcoin,"<p>Crypto prices slumped following news that the Fed has increased interest rates. What does it mean for next year?</p>
"
Bitcoinist,"Elon Musk Sells Tesla Shares Worth $3.58 Billion, Will He Buy Bitcoin Or Dogecoin?",2022-12-15T13:00:56Z,"BTC,DOGE",https://cryptopanic.com/news/17160990/Elon-Musk-Sells-Tesla-Shares-Worth-358-Billion-Will-He-Buy-Bitcoin-Or-Dogecoin,"<p>For the fourth time this year, Elon Musk has sold Tesla shares worth billions. The crypto community is puzzling over whether and what implications this could have on his Bitcoin and Dogecoin holdings, or even Tesla’s BTC holdings. Musk sold $3.58 billion worth of shares from Monday to Wednesday, a filing with the U.S. Securities […]</p>"
NewsBTC,Why This Bitcoin Bearish Divergence Could Spell Doom For BTC Rally,2022-12-15T13:00:53Z,"BTC,ETH,QNT",https://cryptopanic.com/news/17161072/Why-This-Bitcoin-Bearish-Divergence-Could-Spell-Doom-For-BTC-Rally,"<p>A quant has explained how this bearish divergence in Bitcoin on-chain data can lead to a short-term correction in the price. Bitcoin Short-Term Holder SOPR Has Been Slowing Down Despite Price Going Up As explained by an analyst in a CryptoQuant post, a gap has been forming in the purchasing power of short-term holders and the BTC price. The relevant indicator here is the &#8220;Spent Output Profit...</p></body></html>
"
Live Bitcoin News,Peter Schiff to BTC Fans: Don’t Discount Gold,2022-12-15T13:00:34Z,BTC,https://cryptopanic.com/news/17160959/Peter-Schiff-to-BTC-Fans-Dont-Discount-Gold,"<p>Peter Schiff is not a bitcoin fanatic. He has never been one to shy away from expressing his bearish feelings regarding the world’s number one digital currency by market cap. He’s been much more positive towards gold, and he feels that many crypto fans have been too quick to reject the precious metal in the past. Peter Schiff...</p>
"
The Block,"Not Boring Capital, Polygon Studios back company behind virtual-pet project in $3-million round: Exclusive",2022-12-15T13:00:26Z,MATIC,https://cryptopanic.com/news/17160999/Not-Boring-Capital-Polygon-Studios-back-company-behind-virtual-pet-project-in-3-million-round-Exclusive,"<p>Anima, creator of “the first on-chain AR” digital assets, raised an additional $3 million from Polygon Studios, Not Boring Capital and others.</p>"
Feed - Cryptopotato.Com,MetaMask Partners With PayPal to Allow ETH Transfers for US Users,2022-12-15T12:54:38Z,ETH,https://cryptopanic.com/news/17160957/MetaMask-Partners-With-PayPal-to-Allow-ETH-Transfers-for-US-Users,"<p>The service will reach MetaMask users from all US states, apart from Hawaii.</p>"
Bitcoinist,G20 Countries To Establish A Stronger Understanding And Guidelines On Crypto,2022-12-15T12:54:20Z,BTC,https://cryptopanic.com/news/17160954/G20-Countries-To-Establish-A-Stronger-Understanding-And-Guidelines-On-Crypto,"<p>For improved global governance, the G20 (Group of 20) countries are attempting to reach an understanding on crypto assets&#8217; guidelines. India, which presently holds the G20 chair, is&#160;hosting&#160;the group&#8217;s inaugural conference of central bank and finance&#160;officials in Bengaluru from December 13-15. Ajay Seth, India&#8217;s federal economic affairs secretary, stated on Wednesday that the participating...</p></body></html>
"
Cryptonews,Is It Too Late to Buy XRP? Crypto Experts Give Their XRP Predictions,2022-12-15T12:54:00Z,XRP,https://cryptopanic.com/news/17160956/Is-It-Too-Late-to-Buy-XRP-Crypto-Experts-Give-Their-XRP-Predictions,"<p>The XRP price has dropped by 2.5% in the past 24 hours, amid a 1.5% drop for the cryptocurrency market as a whole. At $0.380865, it's also 1% down in the past week and by 7.5% in the last 14 days while remaining up by a modest 1% in the past month....<br>
Read More: Is It Too Late to Buy XRP? Crypto Experts Give Their XRP Predictions</p>"
Finbold,Crypto whales are ‘massively’ stockpiling Bitcoin; Here’s why it’s important,2022-12-15T12:49:52Z,"BTC,DAI",https://cryptopanic.com/news/17160941/Crypto-whales-are-massively-stockpiling-Bitcoin-Heres-why-its-important,"<p>As the cryptocurrency market is still struggling to recover from the protracted consequences of the FTX collapse, good things could … Continued</p>
"
Live Bitcoin News,NEOM Is Now Available for Trading on LBank Exchange,2022-12-15T12:48:52Z,BTC,https://cryptopanic.com/news/17160943/NEOM-Is-Now-Available-for-Trading-on-LBank-Exchange,"<p>INTERNET CITY, DUBAI, Nov. 28, 2022 – LBank Exchange, a global digital asset trading platform, has listed NEOM on November 28, 2022. For all users of LBank Exchange, the NEOM/USDT trading pair is now officially available for trading. As an ecological construction project in Saudi Arabia, NEOM provides an unprecedented city life experience while preserving...</p>
"
The Daily Hodl,"Bitcoin To Explode Fast After Overcoming Major Resistance, Says Popular Crypto Strategist – Here Are His Targets",2022-12-15T12:45:22Z,BTC,https://cryptopanic.com/news/17160944/Bitcoin-To-Explode-Fast-After-Overcoming-Major-Resistance-Says-Popular-Crypto-Strategist-Here-Are-His-Targets,"<p>A popular crypto analyst is predicting Bitcoin (BTC) will break through a major resistance and go on an explosive rally. In a new YouTube strategy session, crypto trader Michaël van de Poppe tells his 164,000 subscribers that Bitcoin is on the verge of soaring beyond $30,000. He says Bitcoin is likely to dip back into […]</p>
"
AMBCrypto,SEC gives a thumbs up to nine WisdomTree blockchain-enabled funds,2022-12-15T12:30:20Z,BTC,https://cryptopanic.com/news/17160910/SEC-gives-a-thumbs-up-to-nine-WisdomTree-blockchain-enabled-funds,"The United States Securities and Exchange Commission (SEC) has given a nod to nine new blockchain-enabled funds offered by the New York-based asset manager WisdomTree. These nine digital funds, according to the firm, provide exposure to a variety of asset classes, including equities, commodities, and floating-rate treasuries. The funds will be available through a mobile […]"
Coinspeaker,Cathie Wood Adds $3.2 Million Worth of COIN Shares to Portfolio,2022-12-15T12:26:36Z,BTC,https://cryptopanic.com/news/17160881/Cathie-Wood-Adds-32-Million-Worth-of-COIN-Shares-to-Portfolio,"<p>Coinspeaker<br>
Cathie Wood Adds $3.2 Million Worth of COIN Shares to Portfolio</p>
<p>With the new $3.2 million in shares, Cathie Wood's Ark Invest may now boast a total of $5.8 million COIN shares in its portfolio.</p>
<p>Cathie Wood Adds $3.2 Million Worth of COIN Shares to Portfolio</p>"
Tether Twitter,RT @keet_io: A Christmas Story ,2022-12-15T12:02:43Z,"USDT,XAUT,EURT,USDTE,CEUSDT,MXNT,GBPT",https://cryptopanic.com/news/17160804/RT-keet_io-A-Christmas-Story,
Coinspeaker,"Bitcoin Price Rises to $18,000 Temporarily",2022-12-15T11:59:19Z,BTC,https://cryptopanic.com/news/17160791/Bitcoin-Price-Rises-to-18000-Temporarily,"<p>Coinspeaker<br>
Bitcoin Price Rises to $18,000 Temporarily</p>
<p>Given the slight price uptick before the FOMC announcement, some analysts believe this is the time to buy the dip as a Bitcoin rally is imminent.</p>
<p>Bitcoin Price Rises to $18,000 Temporarily</p>"
CryptoSlate,"BitGo declined Alameda’s attempt to redeem 3,000 WBTC",2022-12-15T11:40:30Z,"BTC,WBTC,FTT",https://cryptopanic.com/news/17160779/BitGo-declined-Alamedas-attempt-to-redeem-3000-WBTC,"<p>BitGo CEO Mike Belshe revealed that the firm declined Alameda Research’s request to redeem 3,000 Wrapped Bitcoin (WBTC) a few days before its bankruptcy in a December 14 Twitter space. </p>
"
U.Today,"SHIB Holder Manages to Turn $2,200 Worth of SHIB into $23 Million Profit, Here's How",2022-12-15T11:38:00Z,"ETH,SHIB",https://cryptopanic.com/news/17160753/SHIB-Holder-Manages-to-Turn-2200-Worth-of-SHIB-into-23-Million-Profit-Heres-How,<p>2.37 ETH worth of SHIB bought has profited so much</p>
Finbold,Can XRP shoot up to $0.50 by Christmas? Price analysis,2022-12-15T11:30:37Z,XRP,https://cryptopanic.com/news/17160732/Can-XRP-shoot-up-to-050-by-Christmas-Price-analysis,"<p>The XRP community has been buzzing recently, with the token momentarily performing in the green zone, contrary to the bearish … Continued</p>
"
CryptoGlobe,Evercore Chairman: ‘Bitcoin Is No Different From Beanie Babies’,2022-12-15T11:05:40Z,BTC,https://cryptopanic.com/news/17160714/Evercore-Chairman-Bitcoin-Is-No-Different-From-Beanie-Babies,"<p>On Wednesday (14 December 2022), Ralph Schlosstein, who is Chairman Emeritus at global independent investment banking advisory firm Evercore Inc., share his thoughts on crypto. His comments were made during an interview with Guy Johnson and Alix Steel on Bloomberg Television’s “Bloomberg Markets”. Schlosstein said: “I think in the world of crypto, you really have […]</p>"
NewsBTC,Bitcoin Price Poised To Continue Its Rally As Whales Turn Bullish After 14 Months,2022-12-15T11:00:48Z,"BTC,USDT,BUSD",https://cryptopanic.com/news/17160735/Bitcoin-Price-Poised-To-Continue-Its-Rally-As-Whales-Turn-Bullish-After-14-Months,"<p>The bitcoin price has seen a minor rally ahead of yesterday&#8217;s FOMC meeting and has held relatively strong despite the hawkish outlook from the US central bank.&#160; A look at the daily chart of BTC shows that the price managed to hold above $18,600.&#160;After an exuberant euphoria following the release of CPI data, bitcoin seems ready for a consolidation phase for now. In the daily chart, the bitcoin...</p></body></html>
"
Bitcoinist,Rally For Bitcoin Stalled? Economists Don’t Believe Powell’s Hawkish Claims,2022-12-15T11:00:13Z,BTC,https://cryptopanic.com/news/17160693/Rally-For-Bitcoin-Stalled-Economists-Dont-Believe-Powells-Hawkish-Claims,"<p>Yesterday’s Federal Reserve (FED) FOMC meeting turned out to be more hawkish than many Bitcoin investors and the financial market expected. As anticipated, the FED raised interest rates by 0.5 percentage points on Wednesday. This brings the interest rate to a range of 4.25-4.5%, the highest level in 15 years. However, overall, central bankers expect […]</p>"
Finbold,Bitcoin hash rate surges as Ethereum miners shift to mine BTC post-Merge,2022-12-15T10:57:24Z,"BTC,ETH",https://cryptopanic.com/news/17160665/Bitcoin-hash-rate-surges-as-Ethereum-miners-shift-to-mine-BTC-post-Merge,"<p>Amid the ongoing uncertainty in the cryptocurrency industry, an interesting trend emerged after Ethereum (ETH) ended its Proof-of-Work (PoW) mining … Continued</p>
"
U.Today,"Dozens of Millions of XRP Moved by Ripple's Key Partner Bitso, Here's What Happened",2022-12-15T10:51:00Z,XRP,https://cryptopanic.com/news/17160667/Dozens-of-Millions-of-XRP-Moved-by-Ripples-Key-Partner-Bitso-Heres-What-Happened,"<p>Bitso has moved massive amount of XRP, here's what happened here</p>"
Cryptonews,Crypto Adoption: MetaMask Wallet Teams Up with PayPal to Enable Customers to Buy ETH Directly,2022-12-15T10:40:00Z,ETH,https://cryptopanic.com/news/17160626/Crypto-Adoption-MetaMask-Wallet-Teams-Up-with-PayPal-to-Enable-Customers-to-Buy-ETH-Directly,"<p>ConsenSys, the developer of the popular crypto wallet MetaMask, has announced a partnership with PayPal in a new leap for crypto adoption. <br>
The Ethereum (ETH) software firm said on Wednesday that mobile MetaMask users in the US would be able to buy ETH from within the MetaMask app using the payment giant - meaning, they can buy and transfer this crypto from PayPal to MetaMask. <br>
This...</p></body></html>
"
Coinspeaker,PayPal Partners with MetaMask to Integrate New Crypto Services,2022-12-15T10:36:13Z,"BTC,ETH,LTC",https://cryptopanic.com/news/17160608/PayPal-Partners-with-MetaMask-to-Integrate-New-Crypto-Services,"<p>Coinspeaker<br>
PayPal Partners with MetaMask to Integrate New Crypto Services</p>
<p>The service has officially been rolled out to select PayPal users within the United States, with more expected in the coming weeks.</p>
<p>PayPal Partners with MetaMask to Integrate New Crypto Services</p>"
Cryptonews,Russian Energy Companies Crack Down on Domestic Crypto Miners,2022-12-15T10:34:00Z,BTC,https://cryptopanic.com/news/17160611/Russian-Energy-Companies-Crack-Down-on-Domestic-Crypto-Miners,"<p>Russian energy providers are hunting illegal crypto miners who plying their trade from home, the government has said. <br>
Per Izvestia, the Deputy Energy Minister Pavel Snikkars stated that some &#8220;home&#8221;-based miners have successfully changed the load profile of their electrical connections &#8211; allowing them to feed their rigs with more power....<br>
Read More: Russian Energy Companies Crack Down...</p></body></html>
"
U.Today,"""Satoshi's Vision"" in Crypto's Top 5, and Reason Will Surprise You",2022-12-15T10:30:00Z,BTC,https://cryptopanic.com/news/17160567/Satoshis-Vision-in-Cryptos-Top-5-and-Reason-Will-Surprise-You,"<p>""True"" version of Bitcoin rallying upward while market remains anemic</p>"
Live Bitcoin News,Curacao’s New Gambling Laws Will Allow Cryptocurrency Payments,2022-12-15T10:25:09Z,BTC,https://cryptopanic.com/news/17160565/Curacaos-New-Gambling-Laws-Will-Allow-Cryptocurrency-Payments,"<p>The Government of Curacao will be running a tight ship on the cryptocurrency casino front starting no later than Q2 2023. The big news dropped on 15 November of this year (2022) was met with mixed feelings from operators looking at Curacao as their saving grace in the licensed gaming market. The news is about...</p>
"
U.Today,"Bitcoin (BTC) Analyst Says ""Pivot Coming"" as U.S. Inflation Eases",2022-12-15T10:19:00Z,BTC,https://cryptopanic.com/news/17160221/Bitcoin-BTC-Analyst-Says-Pivot-Coming-as-US-Inflation-Eases,<p>Seasoned analyst and on-chain researcher Charles Edwards explains why U.S. inflation slowing is crucial for macro cycle</p>
The Daily Hodl,"One Altcoin Is Significantly Outperforming Bitcoin and Crypto Markets Amid Collapse in Trust, Says Analyst",2022-12-15T10:15:01Z,"BTC,GMX",https://cryptopanic.com/news/17160220/One-Altcoin-Is-Significantly-Outperforming-Bitcoin-and-Crypto-Markets-Amid-Collapse-in-Trust-Says-Analyst,"<p>A popular crypto trader is analyzing how one decentralized exchange (DEX) altcoin has outperformed the vast majority of the crypto market in the past month. In a new YouTube video, the anonymous host of InvestAnswers tells his 444,000 subscribers that GMX has significantly outperformed Bitcoin and the altcoin market at large despite the ongoing crypto […]</p>
"
Forkast.News,"Markets: Bitcoin, Ether fall; Solana rises as top 10 cryptos retreat",2022-12-15T10:12:25Z,"BTC,SOL",https://cryptopanic.com/news/17160217/Markets-Bitcoin-Ether-fall-Solana-rises-as-top-10-cryptos-retreat,"Bitcoin and Ether weakened in Asian trading on Thursday afternoon, with Solana rising amid drops across other top 10 non-stablecoin cryptocurrencies"
Coinspeaker,"CLSK Shares Slides 8.77% in After Hours, CleanSpark Reports $42.3M Net Loss in Q4 2022",2022-12-15T10:09:59Z,BTC,https://cryptopanic.com/news/17160129/CLSK-Shares-Slides-877-in-After-Hours-CleanSpark-Reports-423M-Net-Loss-in-Q4-2022,"<p>Coinspeaker<br>
CLSK Shares Slides 8.77% in After Hours, CleanSpark Reports $42.3M Net Loss in Q4 2022</p>
<p>CleanSpark revenues for Q4 2022 grew to $26.2 million, which is an increase of $3.3 million from $22.9 million the prior year.</p>
<p>CLSK Shares Slides 8.77% in After Hours, CleanSpark Reports $42.3M Net Loss in Q4 2022</p>"
Feed - Cryptopotato.Com,"Fed Hikes Rate by 50bps, Sends BTC Below $18K as Crypto Rally Cools Off (Market Watch)",2022-12-15T09:48:07Z,BTC,https://cryptopanic.com/news/17159628/Fed-Hikes-Rate-by-50bps-Sends-BTC-Below-18K-as-Crypto-Rally-Cools-Off-Market-Watch,<p>The crypto market cap was sent below $900 million as BTC loses $18K on 50bps rate hike by the Fed.</p>
NewsBTC,"Ethereum Active Addresses At Highest Since May 2021, Good News For ETH?",2022-12-15T09:41:15Z,"BTC,ETH",https://cryptopanic.com/news/17159630/Ethereum-Active-Addresses-At-Highest-Since-May-2021-Good-News-For-ETH,"<p>On-chain data shows the Ethereum daily active addresses metric is now at the highest level since May 2021, a sign that could be positive for the latest rally above $1,300. 637,000 Unique Ethereum Addresses Have Been Showing Daily Activity Recently According to data from on-chain analytics firm&#160;Santiment, ETH is currently observing its highest point of activity in 17 months. The &#8220;daily active...</p></body></html>
"
AMBCrypto,"MATIC might cross above its 50-day moving average, thanks to ETH whales",2022-12-15T09:30:20Z,"ETH,MATIC",https://cryptopanic.com/news/17159350/MATIC-might-cross-above-its-50-day-moving-average-thanks-to-ETH-whales,MATIC makes it into the list of the top most purchased tokens by ETH whales. Its price action in the last 24 hours reveals that the token is still struggling to secure more upside. Polygon’s native token MATIC kicked off this week with a bullish pivot on Monday (12 December) and has been gradually recovering […]
Finbold,3 notable crypto predictions by ‘Big Short’ Michael Burry,2022-12-15T09:16:23Z,BTC,https://cryptopanic.com/news/17158888/3-notable-crypto-predictions-by-Big-Short-Michael-Burry,"<p>Michael Burry, a hedge fund manager, commonly known as “The Big Short” has built a reputation for making predictions about … Continued</p>
"
The Daily Hodl,Top Crypto Analyst Predicts Bitcoin Turnaround After the Second-Longest BTC Bear Market – Here’s the Timeline,2022-12-15T08:04:19Z,BTC,https://cryptopanic.com/news/17157284/Top-Crypto-Analyst-Predicts-Bitcoin-Turnaround-After-the-Second-Longest-BTC-Bear-Market-Heres-the-Timeline,"<p>Widely followed cryptocurrency analyst Benjamin Cowen is expressing a bullish outlook for Bitcoin (BTC) over the coming months. Cowen tells his 778,000 YouTube subscribers in a new video that Bitcoin could start a bullish reversal later next year ahead of the flagship crypto asset’s scheduled halving in 2024 and the possible loosening of monetary policies […]</p>
"
Tokamak Network Twitter,"We are excited announce that TOSv2 Ethereum deposit scheduled for December has been completed!
For more details, pl…",2022-12-15T07:53:43Z,TON,https://cryptopanic.com/news/17159305/We-are-excited-announce-that-TOSv2-Ethereum-deposit-scheduled-for-December-has-been-completed-For-more-details-pl,
The Open Network Twitter,"RT @DwfLabs: 1/4
@ton_blockchain is an up-and-coming powerhouse that we're absolutely stoked about

In this video, TON's Head of Incubatio…",2022-12-15T07:47:45Z,TON,https://cryptopanic.com/news/17159233/RT-DwfLabs-14-ton_blockchain-is-an-up-and-coming-powerhouse-that-were-absolutely-stoked-about-In-this-video-TONs-Head-of-Incubatio,
CryptoGlobe,Ripple CTO Uses Ethereum for His New ‘Ugly on the Outside’ NFT Collection,2022-12-15T07:39:47Z,"ETH,XRP",https://cryptopanic.com/news/17156770/Ripple-CTO-Uses-Ethereum-for-His-New-Ugly-on-the-Outside-NFT-Collection,"<p>On Tuesday (13 December 2022), David Schwartz, who is Ripple’s Chief Cryptographer and Chief Technology Officer (CTO), announced that he had released his new Ethereum-powered NFT collection on NFT marketplace OpenSea. There are 28 NFTs in the “Ugly on the Outside” collection. Here is the description of the collection: “Feel free to name yours after […]</p>"
MX Token Twitter,"The $AFC, $ASM, $BAR, and $AVL trading mining event is on-going @Chiliz 

Join to share 205,000 $CHZ 

Details:…",2022-12-15T07:33:25Z,"MX,ETHS,ETHW,FOOTBALL,CHZ",https://cryptopanic.com/news/17157050/The-AFC-ASM-BAR-and-AVL-trading-mining-event-is-on-going-Chiliz-Join-to-share-205000-CHZ-Details,
OKX Staked DOT1 Twitter,"Markets continue to consolidate — Options Traders have mixed feelings about the market 

 $BTC and $ETH IV droppe…",2022-12-15T07:31:05Z,"OKB,OKDOT1,OKDOT2,BTC,ETH",https://cryptopanic.com/news/17157642/Markets-continue-to-consolidate-Options-Traders-have-mixed-feelings-about-the-market-BTC-and-ETH-IV-droppe,
Live Bitcoin News,EOS Price Analysis: Fresh Increase Possible If It Holds This Support,2022-12-15T07:08:09Z,"BTC,EOS",https://cryptopanic.com/news/17155786/EOS-Price-Analysis-Fresh-Increase-Possible-If-It-Holds-This-Support,"<p>EOS price is facing resistance near the $1.0 zone against the US Dollar. The price is now trading below $1.00 and the 55 simple moving average (4-hours). There is a major bullish trend line forming with support near $0.9650 on the 4-hours chart of the EOS/USD pair (data feed from Coinbase). The pair could rise...</p>
"
Hot Cross Twitter," Specialty today on Cross Yield @auroraisnear 

 $BRRR - $NEAR 173.08% APY
 $PLY - $NEAR 336.8% APY
 $AURORA -…",2022-12-15T07:00:09Z,"HOTCROSS,NEAR",https://cryptopanic.com/news/17156303/Specialty-today-on-Cross-Yield-auroraisnear-BRRR-NEAR-17308-APY-PLY-NEAR-3368-APY-AURORA-,
Finblox Twitter,"Download Finblox to swap MATIC and USDT today! Plus, earn passive yields on all swapped crypto —&gt;…",2022-12-15T07:00:01Z,"FBX,MATIC",https://cryptopanic.com/news/17155775/Download-Finblox-to-swap-MATIC-and-USDT-today-Plus-earn-passive-yields-on-all-swapped-crypto-gt,
Meta Pool Twitter,"We also have 1 Million, but 1 Million $NEAR tokens to delegate to validator nodes via Meta Staking Vote! …",2022-12-15T06:57:12Z,"META,STNEAR,NEAR",https://cryptopanic.com/news/17157218/We-also-have-1-Million-but-1-Million-NEAR-tokens-to-delegate-to-validator-nodes-via-Meta-Staking-Vote,
NewsBTC,Bitcoin Price Crystal Ball – What Happens To BTC After Christmas 2022?,2022-12-15T06:48:53Z,"BTC,ETH,LTC,LINK",https://cryptopanic.com/news/17155358/Bitcoin-Price-Crystal-Ball-What-Happens-To-BTC-After-Christmas-2022,"<p>Bitcoin and the broader crypto market rapidly reversed course in response to the U.S. Federal Reserve&#8217;s announcement of a 50-basis-point increase in interest rates, erasing any gains made before the disclosure. The Federal Reserve has been steadily raising interest rates in an effort to ease the economy and rein in inflation, which has driven prices of basic commodities to record highs....</p></body></html>
"
CoinTelegraph,SEC approves 9 more WisdomTree 'blockchain-enabled' funds,2022-12-15T06:30:00Z,BTC,https://cryptopanic.com/news/17154861/SEC-approves-9-more-WisdomTree-blockchain-enabled-funds,"<p>After announcing the approval of nine new digital funds, WisdomTree reiterated that it wants to further integrate blockchain tech to improve the investor experience. </p>"
CoinTelegraph,Creditor offers Bitcoin miner Core Scientific $72M to avoid bankruptcy,2022-12-15T06:07:32Z,BTC,https://cryptopanic.com/news/17154409/Creditor-offers-Bitcoin-miner-Core-Scientific-72M-to-avoid-bankruptcy,<p>B. Riley suggested the embattled miner’s issues were “self-imposed” and outlined a path for it to avoid bankruptcy.</p>
OKX Staked DOT1 Twitter,"Stake it easy with us

▪️#Flexible staking deals with $DOGE @dogecoin, $LTC @LTCFoundation, $XRP @Ripple and $DOME…",2022-12-15T06:01:05Z,"OKB,OKDOT1,OKDOT2,XRP,DOGE,LTC",https://cryptopanic.com/news/17157643/Stake-it-easy-with-us-Flexible-staking-deals-with-DOGE-dogecoin-LTC-LTCFoundation-XRP-Ripple-and-DOME,
Cryptonews,Bitcoin Price Prediction as US Fed Interest Rate Decision is Announced – Can BTC Pump Up 50% This Week?,2022-12-15T06:00:00Z,BTC,https://cryptopanic.com/news/17154432/Bitcoin-Price-Prediction-as-US-Fed-Interest-Rate-Decision-is-Announced-Can-BTC-Pump-Up-50-This-Week,"<p>Following the release of the Fed rate hike decision, which is strengthening the US dollar and eventually causing a drop in BTC price, Bitcoin price prediction has turned bearish. Bitcoin price reached a high of $18,400 before a negative reaction. Now, BTC is trading close to a crucial support level, with a possible rebound if prices go over $17,550....<br>
Read More: Bitcoin Price Prediction...</p></body></html>
"
CoinTelegraph,"Alameda tried to redeem 3,000 wBTC days before bankruptcy: BitGo CEO",2022-12-15T05:57:36Z,BTC,https://cryptopanic.com/news/17154228/Alameda-tried-to-redeem-3000-wBTC-days-before-bankruptcy-BitGo-CEO,<p>The CEO of Bitgo stated that the Alameda representative failed the security verification process required to convert Wrapped BTC into BTC.</p>
NewsBTC,Tron Price Prediction: Why TRX Could Outperform BTC and ETH,2022-12-15T05:33:33Z,"BTC,ETH,TRX",https://cryptopanic.com/news/17153786/Tron-Price-Prediction-Why-TRX-Could-Outperform-BTC-and-ETH,"<p>Tron price is up over 5% and showing positive signs above $0.055 against the US Dollar. TRX could outperform bitcoin and rise further towards $0.060. Tron price is trading in a positive zone well above the $0.0520 pivot level against the US dollar. The price is showing positive signs above $0.055 and the 100 simple moving average (4-hours). There is a major bullish trend line forming with...</p></body></html>
"
AMBCrypto,Going long on Avalanche [AVAX]? Mark these levels to take profit,2022-12-15T05:31:21Z,"BTC,AVAX",https://cryptopanic.com/news/17153732/Going-long-on-Avalanche-AVAX-Mark-these-levels-to-take-profit,"AVAX rallied as BTC continued to soar following announcements from U.S. CPI. The target for a long entry could be $14.82 and the 38.2% Fib level ($14.96) if the uptrend continues. Avalanche [AVAX] has rallied since mid-November, making higher lows. However, it reached a lower low around 12 December, settling at the $12.99 support level. […]"
Live Bitcoin News,Litecoin (LTC) Price Analysis: This Key Support Might Spark Fresh Increase,2022-12-15T04:58:41Z,"BTC,LTC",https://cryptopanic.com/news/17153470/Litecoin-LTC-Price-Analysis-This-Key-Support-Might-Spark-Fresh-Increase,"<p>Litecoin started a fresh decline from the $85 resistance zone against the US Dollar. LTC price is now trading below $80 and the 55 simple moving average (4-hours). There was a break below a key bullish trend line with support near $76.40 on the 4-hours chart of the LTC/USD pair (data feed from Coinbase). The...</p>
"
NewsBTC,"Ethereum Price Resilience Gives us Pause, but Not out of Woods Yet",2022-12-15T04:16:00Z,ETH,https://cryptopanic.com/news/17153424/Ethereum-Price-Resilience-Gives-us-Pause-but-Not-out-of-Woods-Yet,"<p>Ethereum jumped and tested the $1,350 resistance against the US Dollar. ETH corrected lower, but the bulls are active near the $1,280 support. Ethereum was able to clear the $1,300 and $1,320 resistance levels. The price is now trading near $1,290 and the 100 hourly simple moving average. There is a key bullish trend line forming with support near $1,285 on the hourly chart of ETH/USD (data...</p></body></html>
"
Binance Coin Twitter,"#Binance will delist MITH, TRIBE, REP and BTCST on December 22, 2022.",2022-12-15T04:06:33Z,"BNB,ETHDOWN,ETHUP,BNB,BNB",https://cryptopanic.com/news/17154238/Binance-will-delist-MITH-TRIBE-REP-and-BTCST-on-December-22-2022,
Ares Protocol Twitter,Polkadot Continues to Struggle in Bearish Market,2022-12-15T03:39:02Z,"ARES,DOT",https://cryptopanic.com/news/17153885/Polkadot-Continues-to-Struggle-in-Bearish-Market,
Forkast.News,MetaMask partners with PayPal for Ethereum purchases through wallet,2022-12-15T03:19:59Z,ETH,https://cryptopanic.com/news/17153340/MetaMask-partners-with-PayPal-for-Ethereum-purchases-through-wallet,"ConsenSys Inc., the company behind leading crypto wallet MetaMask, announced on Thursday a new partnership with PayPal Holdings Inc."
NewsBTC,Bitcoin Price Retreats After Fed Decision But 100 SMA Is The Key,2022-12-15T02:29:41Z,BTC,https://cryptopanic.com/news/17153255/Bitcoin-Price-Retreats-After-Fed-Decision-But-100-SMA-Is-The-Key,"<p>Bitcoin price climbed higher towards $18,400 before there was a bearish reaction. BTC is now trading near a major support at $17,550 and might bounce back. Bitcoin broke the $18,000 resistance zone before there was a downside correction. The price is trading above $17,500 and the 100 hourly simple moving average. There is a key bullish trend line forming with support near $17,580 on the hourly...</p></body></html>
"
Bitcoin Magazine,The Digital Asset Anti-Money Laundering Act: An Unconstitutional Bill For An Unconstitutional World,2022-12-15T02:13:29Z,BTC,https://cryptopanic.com/news/17153238/The-Digital-Asset-Anti-Money-Laundering-Act-An-Unconstitutional-Bill-For-An-Unconstitutional-World,<p>The Digital Asset Anti-Money Laundering Act Of 2022 from Elizabeth Warren proposes unconstitutional privacy restrictions for bitcoin users.</p>
The Open Network Twitter,RT @luganodes: The past few weeks have seen a tremendous surge in the market capitalization of @ton_blockchain! It has become the talk of t…,2022-12-15T02:05:56Z,TON,https://cryptopanic.com/news/17159234/RT-luganodes-The-past-few-weeks-have-seen-a-tremendous-surge-in-the-market-capitalization-of-ton_blockchain-It-has-become-the-talk-of-t,
Bitcoin.com,Recently Signed 2009 Bitcoin Block Reward Linked to Hal Finney’s Set of BTC Transactions,2022-12-15T02:00:59Z,BTC,https://cryptopanic.com/news/17153221/Recently-Signed-2009-Bitcoin-Block-Reward-Linked-to-Hal-Finneys-Set-of-BTC-Transactions,"At the end of November, an unknown person signed a signature tied to an extremely old block reward mined on Jan. 19, 2009, and the user published a message and verified signature linked to the reward on the forum bitcointalk.org. The message was tied to a bitcoin address associated with block 1,018, a block reward […]"
Forkast.News,"Markets: Bitcoin rebounds then retraces amid hawkish Fed comments, Solana gains",2022-12-15T01:25:36Z,"BTC,ETH,SOL",https://cryptopanic.com/news/17153169/Markets-Bitcoin-rebounds-then-retraces-amid-hawkish-Fed-comments-Solana-gains,"Bitcoin held onto gains in Thursday morning trading in Asia, though had pulled back from an earlier spike above US$18,000 as the U.S. Federal Reserve raised interest rates in line with expectations."
CryptoGlobe,"Bitcoin Exchange Netflows Hit Record Outflows of Over 91,000 $BTC",2022-12-15T01:20:00Z,"BTC,FLOW",https://cryptopanic.com/news/17153164/Bitcoin-Exchange-Netflows-Hit-Record-Outflows-of-Over-91000-BTC,"<p>After the collapse of FTX on November 8, centralized exchanges experienced a series of outflows as investors become concerned about the safety of their deposits on these platforms. In November, BTC netflows recorded the largest negative flow in its history, with a netflow of -91,363 BTC, worth over $1.6 billion. According to CryptoCompare’s latest Exchange […]</p>"
Binance Coin Twitter,Eagerly waiting for Santa to bring more presents.,2022-12-15T00:00:39Z,"BNB,ETHDOWN,ETHUP,BNB,BNB",https://cryptopanic.com/news/17154239/Eagerly-waiting-for-Santa-to-bring-more-presents,
U.Today,What May Make Polygon Outperform Solana in 2023?,2022-12-15T00:00:00Z,"MATIC,SOL",https://cryptopanic.com/news/17153038/What-May-Make-Polygon-Outperform-Solana-in-2023,<p>Polygon may be another altcoin that will hinder Solana's growth next year</p>
The Block,Bitcoin miner CleanSpark slashes 2023 hashrate guidance on build-out delays,2022-12-14T23:51:23Z,BTC,https://cryptopanic.com/news/17153017/Bitcoin-miner-CleanSpark-slashes-2023-hashrate-guidance-on-build-out-delays,<p>Bitcoin miner CleanSpark pushed back its hashrate guidance for end of 2023 due to delays from partner Lancium.</p>
Blockworks,MetaMask Mobile Users Can Now Buy ETH Using PayPal,2022-12-14T23:42:30Z,ETH,https://cryptopanic.com/news/17152995/MetaMask-Mobile-Users-Can-Now-Buy-ETH-Using-PayPal,"<p>The new feature, available only to select US customers for now, lets Web3 users go from cash to ether via PayPal for a 1% fee</p>"
CryptoGlobe,Dogecoin ($DOGE) Whale Transactions Soar on Key Price Level,2022-12-14T23:23:00Z,DOGE,https://cryptopanic.com/news/17152966/Dogecoin-DOGE-Whale-Transactions-Soar-on-Key-Price-Level,"<p>Whales holding onto the meme-inspired cryptocurrency Dogecoin ($DOGE) have seen their activity soar around the key price level of $0.087 per token, as according to data from on-chain analytics firm Santiment 38 transactions above $1 million were made around that level. Notably, cryptocurrency market data shows that the price of the meme-inspired cryptocurrency surged shortly […]</p>"
The Block,BitGo refused to unwind $50 million in wrapped bitcoin for Alameda,2022-12-14T23:14:11Z,"BTC,WBTC,FTT",https://cryptopanic.com/news/17152936/BitGo-refused-to-unwind-50-million-in-wrapped-bitcoin-for-Alameda,<p>BitGo CEO Mike Belshe has now confirmed that his firm stopped Alameda from unwrapping $50 million in wrapped bitcoin for Alameda</p>
Polygon Twitter,"RT @CoinDesk: .@JewelBermuda, Bermuda's first digital asset bank, is issuing a Jewel USD stablecoin, $JUSD, on @0xPolygon.

@cryptauxmargau…",2022-12-14T23:10:32Z,MATIC,https://cryptopanic.com/news/17158162/RT-CoinDesk-JewelBermuda-Bermudas-first-digital-asset-bank-is-issuing-a-Jewel-USD-stablecoin-JUSD-on-0xPolygon-cryptauxmargau,
The Daily Hodl,Pro-XRP Lawyer Forecasts End of Ripple Lawsuit As Rumors of Settlement Swirl,2022-12-14T23:05:23Z,XRP,https://cryptopanic.com/news/17152917/Pro-XRP-Lawyer-Forecasts-End-of-Ripple-Lawsuit-As-Rumors-of-Settlement-Swirl,"<p>Attorney and XRP supporter John Deaton is now outlining when he thinks the U.S. Securities and Exchange Commission’s (SEC) lawsuit against Ripple will arrive at its long-awaited conclusion. On a new episode of Real Vision Crypto, Deaton was asked whether he sees the summary judgment for the case to happen by March 31st. Replies the attorney, […]</p>
"
Bitcoinist,Is The Bitcoin Bottom In? A Look At 10 Years Of Performance,2022-12-14T23:00:02Z,BTC,https://cryptopanic.com/news/17152911/Is-The-Bitcoin-Bottom-In-A-Look-At-10-Years-Of-Performance,"<p>Bitcoin has been in existence for less than two decades but its performance has already cemented it as a formidable force to be reckoned with. Over the years, the digital asset has been able to outperform established asset classes multiple times, especially the bull market part of its cycles. Looking back, bitcoin’s yearly performance has […]</p>"
The Block,B. Riley offers $72 million to mining firm Core Scientific,2022-12-14T22:59:19Z,BTC,https://cryptopanic.com/news/17152887/B-Riley-offers-72-million-to-mining-firm-Core-Scientific,"<p>To prevent the bankruptcy of Bitcoin miner Core Scientific, its main creditor, B. Riley Financial, Inc., offered a $72 million structured deal.</p>"
The Block,Bitcoin mining report: Core Scientific rallies alongside other industry stocks,2022-12-14T22:44:04Z,BTC,https://cryptopanic.com/news/17152867/Bitcoin-mining-report-Core-Scientific-rallies-alongside-other-industry-stocks,<p>Most bitcoin mining stocks tracked by The Block increased on Tuesday. Core Scientific rose by over 69% after announcing a new injection of liquidity.</p>
Jump DeFi Twitter,"RT @dleer_defi: To celebrate 3K followers and @JumpDeFi mainnet launch, I am giving away a Classy Kangaroo NFT [45 $NEAR FP] 

@ClassyKang…",2022-12-14T22:30:21Z,"JUMP,NEAR",https://cryptopanic.com/news/17156535/RT-dleer_defi-To-celebrate-3K-followers-and-JumpDeFi-mainnet-launch-I-am-giving-away-a-Classy-Kangaroo-NFT-45-NEAR-FP-ClassyKang,
OKX Staked DOT1 Twitter," Join the OKX AMA telegram channel for your chance to win rewards!

100 lucky winners will receive 5 USDT each for…",2022-12-14T22:30:00Z,"OKB,OKDOT1,OKDOT2,USDT",https://cryptopanic.com/news/17157646/Join-the-OKX-AMA-telegram-channel-for-your-chance-to-win-rewards-100-lucky-winners-will-receive-5-USDT-each-for,
Co-founder of Ethereum,"Seems like a positive step. I'm critical of Apple for many reasons (ok fine, the reasons are all basically differen…",2022-12-14T22:17:07Z,ETH,https://cryptopanic.com/news/17152799/Seems-like-a-positive-step-Im-critical-of-Apple-for-many-reasons-ok-fine-the-reasons-are-all-basically-differen,
CryptoSlate,CryptoSlate Wrapped Daily: SEC takes aim at influencers for securities fraud; SBF allegedly made political donations in others’ name,2022-12-14T22:02:09Z,BTC,https://cryptopanic.com/news/17152772/CryptoSlate-Wrapped-Daily-SEC-takes-aim-at-influencers-for-securities-fraud-SBF-allegedly-made-political-donations-in-others-name,"<p>The biggest news in the cryptoverse for December 134 includes CryptoSlate’s analysis suggesting that the bottom for Bitcoin may not be in yet and Congressman Tom Emmer alleging that SEC Chairman Gary Gensler knew about FTX’s fraud. </p>
"
CoinTelegraph,Bitcoin retraces intraday gains as bears aim to pin BTC price under $18K,2022-12-14T22:00:00Z,BTC,https://cryptopanic.com/news/17152717/Bitcoin-retraces-intraday-gains-as-bears-aim-to-pin-BTC-price-under-18K,"<p>BTC bears are positioned to profit from this week’s Bitcoin options expiry, especially if price stays below $18,000.</p>"
Moonbeam Twitter," Calling our Spanish-speaking community!

Join Polkadot LATAM Day to hear @katherineqb, Head of Community at…",2022-12-14T21:59:34Z,"GLMR,WGLMR,XCDOT,DOT",https://cryptopanic.com/news/17157390/Calling-our-Spanish-speaking-community-Join-Polkadot-LATAM-Day-to-hear-katherineqb-Head-of-Community-at,
BeInCrypto,Bitcoin Price Drops Following 50 Basis Points Interest Rate Hike,2022-12-14T21:49:19Z,BTC,https://cryptopanic.com/news/17152705/Bitcoin-Price-Drops-Following-50-Basis-Points-Interest-Rate-Hike,"<p>The US Federal Reserve (Fed) announced an interest rate hike of 50 basis points. The price of Bitcoin plummets following the announcement.</p>
"
Polygon Twitter,"BIG NEWS: A rigorous, comprehensive security audit of #PolygonzkEVM is now underway 🫡

Read about the security team…",2022-12-14T21:40:47Z,MATIC,https://cryptopanic.com/news/17158163/BIG-NEWS-A-rigorous-comprehensive-security-audit-of-PolygonzkEVM-is-now-underway-Read-about-the-security-team,
Cryptonews,Martin Shkreli Claims to Know the Real Identity of Bitcoin Creator Satoshi Nakamoto – Here's His Proof,2022-12-14T21:36:00Z,BTC,https://cryptopanic.com/news/17152699/Martin-Shkreli-Claims-to-Know-the-Real-Identity-of-Bitcoin-Creator-Satoshi-Nakamoto-Heres-His-Proof,"<p>Disgraced biotech entrepreneur and hedge fund manager Martin Shkreli has published a finding that appears to prove who the real person behind the pseudonym Satoshi Nakamoto is. But the Bitcoin community is not yet convinced. <br>
The finding was shared in a blog post published on Tuesday, where Shkreli decrypted a signature from the one of the first Bitcoin transactions ever made. The...</p></body></html>
"
The Block,"Bitcoin miner CleanSpark reports $42.3 million net loss, missing estimates",2022-12-14T21:33:56Z,BTC,https://cryptopanic.com/news/17152679/Bitcoin-miner-CleanSpark-reports-423-million-net-loss-missing-estimates,"<p>Bitcoin miner CleanSpark reported $26.2 million in revenue, missing the average estimate of $27.1 million. The non-GAAP net loss of $42.3 million was also worse than estimates, but the company cited goodwill impairments. </p>"
AMBCrypto,MATIC: A breakout past $0.95 and its retest can give buyers room to…,2022-12-14T21:30:57Z,MATIC,https://cryptopanic.com/news/17152673/MATIC-A-breakout-past-095-and-its-retest-can-give-buyers-room-to,Disclaimer: The findings of the following analysis are the sole opinions of the writer and should not be considered investment advice Steady selling pressure in the past week made it hard for bulls to design a breakout above the range. MATIC will have a lower timeframe bullish bias so long as it defends the $0.9 level. […]
CoinTelegraph,Here is why Bitcoin price gave back all its intraday gains,2022-12-14T21:08:58Z,BTC,https://cryptopanic.com/news/17152597/Here-is-why-Bitcoin-price-gave-back-all-its-intraday-gains,<p>BTC price retraced all of its intraday gains after Fed chair Jerome Powell issued hawkish statements related to the central bank's 50 basis point interest rate hike. </p>
The Daily Hodl,Legendary Trader Peter Brandt Forecasts Major Move for Bitcoin (BTC) – Here’s His Target,2022-12-14T21:00:34Z,BTC,https://cryptopanic.com/news/17152577/Legendary-Trader-Peter-Brandt-Forecasts-Major-Move-for-Bitcoin-BTC-Heres-His-Target,"<p>Veteran analyst and technical trader Peter Brandt says Bitcoin (BTC) is likely setting up for a major move after months of quiet consolidation. In a new YouTube strategy session with trader Tone Vays, Brandt says that Bitcoin’s technicals are suggesting a “washout” to nearly 30% down from current prices. Brandt, who predicted Bitcoin’s collapse after […]</p>
"
CryptoSlate,Active ETH addresses reach all-time high of 1.4M,2022-12-14T21:00:13Z,ETH,https://cryptopanic.com/news/17152602/Active-ETH-addresses-reach-all-time-high-of-14M,"<p>Glassnode data analyzed by Cryptoslate revealed that the number of active Ethereum (ETH) addresses reached a new all-time high (ATH) on December 9.  The blue line on the chart above represents the active ETH addresses since January 2018. </p>
"
Binance Coin Twitter,"NFT derivatives, in short, are NFT collections that strongly resemble another project.
 
    ️…",2022-12-14T21:00:00Z,"BNB,ETHDOWN,ETHUP,BNB,BNB",https://cryptopanic.com/news/17154240/NFT-derivatives-in-short-are-NFT-collections-that-strongly-resemble-another-project,
NewsBTC,"Bitcoin Volatility Explodes Around $18K Level, As Fed Reveals 50 Basis Point Rate Increase",2022-12-14T20:55:19Z,BTC,https://cryptopanic.com/news/17152573/Bitcoin-Volatility-Explodes-Around-18K-Level-As-Fed-Reveals-50-Basis-Point-Rate-Increase,"<p>Bitcoin price touched a high of nearly $18,400 in anticipation of today&#8217;s Federal Reserve meeting, where the US central bank was expected to raise interest rates by 50 basis points. Volatility picked up as the Fed meeting commenced, with Bitcoin suffering a sudden pullback to $17,700. Here&#8217;s what you need to know about the last Fed meeting of the year.&#160; No Pivot: Fed Hikes Rates 50 Basis...</p></body></html>
"
CoinTelegraph,MetaMask to allow users to purchase and transfer Ethereum via PayPal,2022-12-14T20:45:00Z,ETH,https://cryptopanic.com/news/17152552/MetaMask-to-allow-users-to-purchase-and-transfer-Ethereum-via-PayPal,<p>The service will initially be rolled out to select PayPal users within the United States.</p>
Decrypt,"Bitcoin, Ethereum Drop Sharply After Fed Signals More Interest Rate Hikes to Come",2022-12-14T20:30:24Z,"BTC,ETH",https://cryptopanic.com/news/17152519/Bitcoin-Ethereum-Drop-Sharply-After-Fed-Signals-More-Interest-Rate-Hikes-to-Come,<p>Bitcoin nosedived following the central bank’s decision to raise rates by 50 basis points.</p>
NewsBTC,"What Ethereum’s Rejection At $1,350 Says About The Cryptocurrency",2022-12-14T20:28:55Z,"ETH,BNB",https://cryptopanic.com/news/17152500/What-Ethereums-Rejection-At-1350-Says-About-The-Cryptocurrency,"<p>Ethereum saw an increase in its price on Tuesday along with the rest of the crypto market following the positive CPI data release. The jump in price saw Ethereum finally beat the $1,300 price point after hovering around $1,200 coming out of the weekend. However, the digital asset had met significant resistance at the $1,350 price level, which could end up being a bearish development for the...</p></body></html>
"
The Block,Curve Finance to deploy on zkSync’s mainnet next year,2022-12-14T20:28:46Z,ETH,https://cryptopanic.com/news/17152502/Curve-Finance-to-deploy-on-zkSyncs-mainnet-next-year,"<p>The largest decentralized stablecoin exchange Curve Finance will be deploying on zkSync's mainnet, marking its first deployment on a new technology for Ethereum scaling and privacy called a ZK-rollup. </p>"
Decrypt,MetaMask Launches PayPal Integration for Ethereum Purchases,2022-12-14T20:20:48Z,ETH,https://cryptopanic.com/news/17152495/MetaMask-Launches-PayPal-Integration-for-Ethereum-Purchases,<p>Some U.S. MetaMask users can now buy Ethereum directly from their wallet using PayPal.</p>
Cryptonews,Dogecoin Price Prediction: Can DOGE Recover After Elon Musk Loses the Title of World's Richest Person?,2022-12-14T20:19:00Z,DOGE,https://cryptopanic.com/news/17152491/Dogecoin-Price-Prediction-Can-DOGE-Recover-After-Elon-Musk-Loses-the-Title-of-Worlds-Richest-Person,"<p>It&#8217;s been a tough month so far for DOGE, the ticker for Dogecoin, the native cryptocurrency of the Dogecoin blockchain. Dogecoin was unable to muster sustained upside on Tuesday in wake of softer-than-expected US inflation data, failing in its attempts to push back above $0.095 after finding resistance at its 21 and 50-Day Moving Averages....<br>
Read More: Dogecoin Price Prediction: Can DOGE...</p></body></html>
"
CryptoSlate,Gambling-related USDT funds grow as 1k new online gambling websites use Tether,2022-12-14T20:15:54Z,USDT,https://cryptopanic.com/news/17152470/Gambling-related-USDT-funds-grow-as-1k-new-online-gambling-websites-use-Tether,"<p>Deposits and withdrawals of USDT among gambling websites through crypto payment platforms are on the rise, according to a report from Wu Blockchain, authored by Bitrace. </p>
"
ZyCrypto,Goldman Sachs Plans To Splash Millions Of Dollars Into Crypto Firms After FTX Implosion,2022-12-14T20:12:03Z,"ETH,ADA,SOL",https://cryptopanic.com/news/17152483/Goldman-Sachs-Plans-To-Splash-Millions-Of-Dollars-Into-Crypto-Firms-After-FTX-Implosion,"Goldman Sachs plans to splash “tens of millions of dollars” on investments or buyouts in crypto firms after the FTX collapse hit last month and suppressed investor interest. The FTX collapse and subsequent contagion across major lending firms had elicited calls for more regulatory oversight on players, assuring big banks of the sector’s stability. In […]"
Klever Twitter,RT @0xPolygon: @klever_io Congratulations on this development! It is great to see Klever bringing current and new Polygon users to the plat…,2022-12-14T20:08:34Z,"KLV,KFI,MATIC",https://cryptopanic.com/news/17156654/RT-0xPolygon-klever_io-Congratulations-on-this-development-It-is-great-to-see-Klever-bringing-current-and-new-Polygon-users-to-the-plat,
TerraUSD (Wormhole) Twitter," Join in when @decentradev, core contributor to Wormhole, and the folks at @lifiprotocol dive deep into arbitrary…",2022-12-14T20:08:15Z,"UST,RAY,SRMSO,SBR,SOL,GRT,ATLAS,1INCH,AURY,USDTSO,USDCSO,BNB,AAVE,MSOL,AKRO,ALEPH,AMP,ALICE,AMPL,1SOL,ANKR,AUDIO,ROSE,JOE,AVAX,USDTPO,USDCPO,QUICK,MATICPO,USDCAV,AXSET,USDCBS,DAIPO,CAKE,USDTBS,LUNC,BUSDET,BUSDBS,STETH,AGEUR,YFI,YGG,ZRX,UNI,IBBTC,GOHM,SUSHI,TOKE,SNX,SXP,TRIBE,UBXT,SRMET,SWAG,SOS,SLP,UFO,SPELL,SHIB,CEL,RSR,SAND,PERP,RGT,RPL,MIMET,LINK,LDO,FTT,DAI,ETH,WBTC,PAXG,PEOPLE,OHM,NXM,USDCET,CHZ,BAT,USDK,BNT,USDTET,DYDX,CVX,COMP,CREAM,CRV,MATH,CRO,ELON,FRAX,ENS,ENJ,FRONT,FTMET,LRC,MATICET,MANA,LUA,GT,GALA,FXS,HGET,ICE,HBTC,HUSD,HXRO,ILV,KP3R,KEEP,CRO,DAO,CREDI",https://cryptopanic.com/news/17159187/Join-in-when-decentradev-core-contributor-to-Wormhole-and-the-folks-at-lifiprotocol-dive-deep-into-arbitrary,
NewsBTC,Toncoin (TON) Shoots Up 50% In 7 Days – This Telegram Feature Cranks Up Demand,2022-12-14T19:48:14Z,"BTC,TON,BSV,STX",https://cryptopanic.com/news/17154256/Toncoin-TON-Shoots-Up-50-In-7-Days-This-Telegram-Feature-Cranks-Up-Demand,"<p>Toncoin (TON) is currently outperforming all other cryptocurrencies in the top 100 by market capitalization on a weekly basis. With a price increase of around 50% within the last seven days, the token is the undisputed leader, followed by Stacks (+16%) and Bitcoin SV (+14%). Over the last 24 hours, Toncoin is writing a whopping 21% gain. While it was trading at $1.86 on Sunday, the...</p></body></html>
"
The Daily Hodl,Can Solana (SOL) Bounce Back? Analyst Looks at Top Ethereum Rival After Bear Market Collapse,2022-12-14T19:41:36Z,"ETH,ADA,SOL",https://cryptopanic.com/news/17152378/Can-Solana-SOL-Bounce-Back-Analyst-Looks-at-Top-Ethereum-Rival-After-Bear-Market-Collapse,"<p>A popular crypto strategist says that Solana (SOL) has the potential to go on a massive rally and reach a new all-time high. In a new video update, the host of InvestAnswers tells his 444,000 YouTube subscribers that one way to gauge Solana’s current strength is to look at daily active usage (DAU) among top […]</p>
"
AMBCrypto,BNB Chain’s November tech and metric update in detail,2022-12-14T19:30:53Z,"BNB,BNB",https://cryptopanic.com/news/17152335/BNB-Chains-November-tech-and-metric-update-in-detail,"BNB’s RSI was oversold, which hinted that a trend reversal can be expected soon.   BNB’s volume also registered a sharp uptick lately. Binance Coin’s [BNB] price action of late did not align with investors’ interest, as its weekly chart was mostly painted red. According to CoinMarketCap, BNB registered a 2.55% decline over the last seven […]"
CryptoSlate,Bitcoin sinks 3.2% as Fed raises interest rates by 50 basis points,2022-12-14T19:23:05Z,BTC,https://cryptopanic.com/news/17152303/Bitcoin-sinks-32-as-Fed-raises-interest-rates-by-50-basis-points,"<p>The Fed raised interest rates by 50 basis points (bps) following the December 14 Federal Open Market Committee (FOMC) meeting. </p>
"
The Block,"Bitcoin slips below $18,000 as Federal Reserve raises interest rates by 50 basis points",2022-12-14T19:12:44Z,BTC,https://cryptopanic.com/news/17152290/Bitcoin-slips-below-18000-as-Federal-Reserve-raises-interest-rates-by-50-basis-points,<p>Bitcoin falls as the Fed delivered the expected 50 basis point increase.</p>
U.Today,Bitcoin Pares Gains as Fed Announces Another Big Rate Hike,2022-12-14T19:11:56Z,BTC,https://cryptopanic.com/news/17152291/Bitcoin-Pares-Gains-as-Fed-Announces-Another-Big-Rate-Hike,"<p>The Fed has indicated that it remains to determined to hiking interest rates next year, pushing crypto and stocks down</p>"
Feed - Cryptopotato.Com,Bitcoin Falls Below $18k After Federal Reserves Announces 50bps Rate Hike,2022-12-14T19:10:12Z,BTC,https://cryptopanic.com/news/17152259/Bitcoin-Falls-Below-18k-After-Federal-Reserves-Announces-50bps-Rate-Hike,<p>The Fed's latest rate hike takes the central bank’s target interest rate above 4%.</p>
The Daily Hodl,Ethereum-Based Altcoin Skyrockets 66% After Big Announcement From Multibillionaire Pavel Durov,2022-12-14T19:05:14Z,ETH,https://cryptopanic.com/news/17152263/Ethereum-Based-Altcoin-Skyrockets-66-After-Big-Announcement-From-Multibillionaire-Pavel-Durov,"<p>One altcoin project based on Ethereum (ETH) has quietly outperformed most of the crypto market this month, embarking on a rally after tech entrepreneur Pavel Durov made an announcement. On November 30th, the billionaire announced that top encrypted messaging platform Telegram would be updating Fragment, its decentralized auction platform, to include non-custodial crypto wallets and […]</p>
"
Bitcoin.com,"NFT Sales This Week Jumped 27% Higher, Cryptopunks Rise Above Bored Apes",2022-12-14T19:00:37Z,"ETH,BNB,ADA,MATIC,AVAX,FTM",https://cryptopanic.com/news/17152253/NFT-Sales-This-Week-Jumped-27-Higher-Cryptopunks-Rise-Above-Bored-Apes,"On Dec. 14, 2022, statistics show that non-fungible token (NFT) sales jumped 27.72% higher than NFT sales recorded last week. The Bored Ape Yacht Club (BAYC) NFT collection captured the most sales this week but on Wednesday afternoon, the floor value tied to Cryptopunks once again jumped above the floor value associated with the BAYC […]"
Bitcoinist,Ethereum’s Diverse Ecosystem — How Has It Changed In 2022?,2022-12-14T19:00:01Z,ETH,https://cryptopanic.com/news/17152204/Ethereums-Diverse-Ecosystem-How-Has-It-Changed-In-2022,"<p>Data shows some shifts have taken place in the Ethereum ecosystem this year. Here’s how the shares of some popular transaction types have changed on the network in 2022. Both DeFi And NFTs Have Taken A Hit In Dominance On Ethereum As per the latest weekly report from Glassnode, the DeFi and NFT sectors both […]</p>"
Binance Coin Twitter,#BinanceChristmas on the beach ️,2022-12-14T18:51:10Z,"BNB,ETHDOWN,ETHUP,BNB,BNB",https://cryptopanic.com/news/17154241/BinanceChristmas-on-the-beach,
CryptoSlate,Research: On-chain Bitcoin metrics show the bottom may not be in,2022-12-14T18:36:00Z,BTC,https://cryptopanic.com/news/17152158/Research-On-chain-Bitcoin-metrics-show-the-bottom-may-not-be-in,"<p>CryptoSlate’s analysis of on-chain Glassnode metrics indicated mixed results for a Bitcoin bottoming. </p>
"
AMBCrypto,ETH’s spike in address activity didn’t coincide with ‘profit-taking opportunity’,2022-12-14T18:30:48Z,ETH,https://cryptopanic.com/news/17152154/ETHs-spike-in-address-activity-didnt-coincide-with-profit-taking-opportunity,"ETH sold at a five-week high of $1,335 on 13 November. Daily active addresses rallied to a year-high of 653,000. There was a decline in ETH’s network growth. Having traded momentarily at the $1,335 price mark, the leading altcoin Ethereum [ETH] hit a five-week high during the intraday trading session on 13 November.  Read Ethereum’s [ETH] […]"
Decrypt,"Bitcoin Back Above $18,000 for First Time Since FTX Collapse",2022-12-14T18:21:39Z,BTC,https://cryptopanic.com/news/17152127/Bitcoin-Back-Above-18000-for-First-Time-Since-FTX-Collapse,"<p>It may feel like a lifetime ago, but Bitcoin was above $21,000 as recently as early November.</p>"
TerraUSD (Wormhole) Twitter,"🤯 Wait, what? @beeple is on Solana?

Via the Portal NFT bridge, @HGESOL just bridged “EVERYDAYS 1/1/21 #37/100” to…",2022-12-14T18:11:46Z,"UST,RAY,SRMSO,SBR,SOL,GRT,ATLAS,1INCH,AURY,USDTSO,USDCSO,BNB,AAVE,MSOL,AKRO,ALEPH,AMP,ALICE,AMPL,1SOL,ANKR,AUDIO,ROSE,JOE,AVAX,USDTPO,USDCPO,QUICK,MATICPO,USDCAV,AXSET,USDCBS,DAIPO,CAKE,USDTBS,LUNC,BUSDET,BUSDBS,STETH,AGEUR,YFI,YGG,ZRX,UNI,IBBTC,GOHM,SUSHI,TOKE,SNX,SXP,TRIBE,UBXT,SRMET,SWAG,SOS,SLP,UFO,SPELL,SHIB,CEL,RSR,SAND,PERP,RGT,RPL,MIMET,LINK,LDO,FTT,DAI,ETH,WBTC,PAXG,PEOPLE,OHM,NXM,USDCET,CHZ,BAT,USDK,BNT,USDTET,DYDX,CVX,COMP,CREAM,CRV,MATH,CRO,ELON,FRAX,ENS,ENJ,FRONT,FTMET,LRC,MATICET,MANA,LUA,GT,GALA,FXS,HGET,ICE,HBTC,HUSD,HXRO,ILV,KP3R,KEEP,CRO,DAO,CREDI",https://cryptopanic.com/news/17159188/Wait-what-beeple-is-on-Solana-Via-the-Portal-NFT-bridge-HGESOL-just-bridged-EVERYDAYS-1121-37100-to,
